site_description,site,unit,unitclass,commodity_group,commodity_description,L5C,5C,1M,2M,3M,5M,10M,20M,30M,40M
Itasca,DIT,CWT,Weight,1VNL,LVT,28.27,23.25,17.48,13.88,13.88,9.85,7.17,7.17,7.17,7.17
Itasca,DIT,CWT,Weight,1VNL,LVP,28.27,23.25,17.48,13.88,13.88,9.85,7.17,7.17,7.17,7.17
Itasca,DIT,CWT,Weight,1VNL,VCT,28.27,23.25,17.48,13.88,13.88,9.85,7.17,7.17,7.17,7.17
Itasca,DIT,SQYD,Area,1CBL,Carpet Roll,0.4386,0.4308,0.423,0.4153,0.4075,0.4075,0.4075,0.4075,0.4075,0.4075
Itasca,DIT,SQYD,Area,1CPT,Carpet Tile,0.7456,0.7324,0.7192,0.706,0.6928,0.6928,0.6928,0.6928,0.6928,0.6928
Jacksonville,SPJ,CWT,Weight,1VNL,LVT,22.87,20.85,16.16,13,13,10.19,8.49,8.49,8.49,8.49
Jacksonville,SPJ,CWT,Weight,1VNL,LVP,22.87,20.85,16.16,13,13,10.19,8.49,8.49,8.49,8.49
Jacksonville,SPJ,CWT,Weight,1VNL,VCT,22.87,20.85,16.16,13,13,10.19,8.49,8.49,8.49,8.49
Jacksonville,SPJ,SQYD,Area,1CBL,Carpet Roll,0.4366,0.4249,0.419,0.4102,0.3955,0.3955,0.3955,0.3955,0.3955,0.3955
Jacksonville,SPJ,SQYD,Area,1CPT,Carpet Tile,0.7422,0.7223,0.7123,0.6974,0.6724,0.6724,0.6724,0.6724,0.6724,0.6724
Norcross,SPN,CWT,Weight,1VNL,LVT,12.24,11.15,8.29,6.26,6.26,4.97,4.21,4.21,4.21,4.21
Norcross,SPN,CWT,Weight,1VNL,LVP,12.24,11.15,8.29,6.26,6.26,4.97,4.21,4.21,4.21,4.21
Norcross,SPN,CWT,Weight,1VNL,VCT,12.24,11.15,8.29,6.26,6.26,4.97,4.21,4.21,4.21,4.21
Norcross,SPN,SQYD,Area,1CBL,Carpet Roll,0.3202,0.3118,0.2992,0.2908,0.2823,0.2823,0.2823,0.2823,0.2823,0.2823
Norcross,SPN,SQYD,Area,1CPT,Carpet Tile,0.5444,0.5301,0.5086,0.4943,0.48,0.48,0.48,0.48,0.48,0.48
Tampa,SPT,CWT,Weight,1VNL,LVT,25.37,23.13,17.94,14.41,14.41,11.3,9.42,9.42,9.42,9.42
Tampa,SPT,CWT,Weight,1VNL,LVP,25.37,23.13,17.94,14.41,14.41,11.3,9.42,9.42,9.42,9.42
Tampa,SPT,CWT,Weight,1VNL,VCT,25.37,23.13,17.94,14.41,14.41,11.3,9.42,9.42,9.42,9.42
Tampa,SPT,SQYD,Area,1CBL,Carpet Roll,0.4608,0.4497,0.4424,0.435,0.4166,0.4166,0.4166,0.4166,0.4166,0.4166
Tampa,SPT,SQYD,Area,1CPT,Carpet Tile,0.7834,0.7646,0.752,0.7394,0.7082,0.7082,0.7082,0.7082,0.7082,0.7082
Longwood,SPW,CWT,Weight,1VNL,LVT,25.37,23.13,17.94,14.14,14.14,11.3,9.42,9.42,9.42,9.42
Longwood,SPW,CWT,Weight,1VNL,LVP,25.37,23.13,17.94,14.14,14.14,11.3,9.42,9.42,9.42,9.42
Longwood,SPW,CWT,Weight,1VNL,VCT,25.37,23.13,17.94,14.14,14.14,11.3,9.42,9.42,9.42,9.42
Longwood,SPW,SQYD,Area,1CBL,Carpet Roll,0.4521,0.4412,0.4339,0.4267,0.4086,0.4086,0.4086,0.4086,0.4086,0.4086
Longwood,SPW,SQYD,Area,1CPT,Carpet Tile,0.7685,0.75,0.7377,0.7254,0.6946,0.6946,0.6946,0.6946,0.6946,0.6946
Spectra Coppell,SPCP,CWT,Weight,1VNL,LVT,26.53,24.18,19.27,16.1,16.1,12.58,10.57,10.57,10.57,10.57
Spectra Coppell,SPCP,CWT,Weight,1VNL,LVP,26.53,24.18,19.27,16.1,16.1,12.58,10.57,10.57,10.57,10.57
Spectra Coppell,SPCP,CWT,Weight,1VNL,VCT,26.53,24.18,19.27,16.1,16.1,12.58,10.57,10.57,10.57,10.57
Spectra Coppell,SPCP,SQYD,Area,1CBL,Carpet Roll,0.5073,0.4892,0.4819,0.4747,0.4601,0.4601,0.4601,0.4601,0.4601,0.4601
Spectra Coppell,SPCP,SQYD,Area,1CPT,Carpet Tile,0.8623,0.8316,0.8192,0.807,0.7822,0.7822,0.7822,0.7822,0.7822,0.7822
Spectra Houston,SPHU,CWT,Weight,1VNL,LVT,26.04,23.74,18.92,15.81,15.81,12.35,10.37,10.37,10.37,10.37
Spectra Houston,SPHU,CWT,Weight,1VNL,LVP,26.04,23.74,18.92,15.81,15.81,12.35,10.37,10.37,10.37,10.37
Spectra Houston,SPHU,CWT,Weight,1VNL,VCT,26.04,23.74,18.92,15.81,15.81,12.35,10.37,10.37,10.37,10.37
Spectra Houston,SPHU,SQYD,Area,1CBL,Carpet Roll,0.507,0.4963,0.4893,0.4787,0.4645,0.4645,0.4645,0.4645,0.4645,0.4645
Spectra Houston,SPHU,SQYD,Area,1CPT,Carpet Tile,0.8619,0.8438,0.8318,0.8137,0.7896,0.7896,0.7896,0.7896,0.7896,0.7896
Pavillion Floors,PVF,CWT,Weight,1VNL,LVT,30.56,27.05,21.56,18.18,18.18,15.09,13.53,13.53,13.53,13.53
Pavillion Floors,PVF,CWT,Weight,1VNL,LVP,30.56,27.05,21.56,18.18,18.18,15.09,13.53,13.53,13.53,13.53
Pavillion Floors,PVF,CWT,Weight,1VNL,VCT,30.56,27.05,21.56,18.18,18.18,15.09,13.53,13.53,13.53,13.53
Pavillion Floors,PVF,SQYD,Area,1CBL,Carpet Roll,0.6834,0.6762,0.669,0.6618,0.6545,0.6545,0.6545,0.6545,0.6545,0.6545
Pavillion Floors,PVF,SQYD,Area,1CPT,Carpet Tile,1.1619,1.1495,1.1373,1.125,1.1127,1.1127,1.1127,1.1127,1.1127,1.1127
Spectra Tempe,SPTM,CWT,Weight,1VNL,LVT,37.04,30.02,25.56,21.49,21.49,18.68,15.32,15.32,15.32,15.32
Spectra Tempe,SPTM,CWT,Weight,1VNL,LVP,37.04,30.02,25.56,21.49,21.49,18.68,15.32,15.32,15.32,15.32
Spectra Tempe,SPTM,CWT,Weight,1VNL,VCT,37.04,30.02,25.56,21.49,21.49,18.68,15.32,15.32,15.32,15.32
Spectra Tempe,SPTM,SQYD,Area,1CBL,Carpet Roll,0.7387,0.7227,0.7067,0.6987,0.6748,0.6748,0.6748,0.6748,0.6748,0.6748
Spectra Tempe,SPTM,SQYD,Area,1CPT,Carpet Tile,1.2557,1.2286,1.2014,1.1878,1.1471,1.1471,1.1471,1.1471,1.1471,1.1471
Spectra Denver,SPD,CWT,Weight,1VNL,LVT,31.43,28.66,22.83,19.08,19.08,14.91,12.53,12.53,12.53,12.53
Spectra Denver,SPD,CWT,Weight,1VNL,LVP,31.43,28.66,22.83,19.08,19.08,14.91,12.53,12.53,12.53,12.53
Spectra Denver,SPD,CWT,Weight,1VNL,VCT,31.43,28.66,22.83,19.08,19.08,14.91,12.53,12.53,12.53,12.53
Spectra Denver,SPD,SQYD,Area,1CBL,Carpet Roll,0.671,0.6551,0.6472,0.6273,0.6075,0.6075,0.6075,0.6075,0.6075,0.6075
Spectra Denver,SPD,SQYD,Area,1CPT,Carpet Tile,1.1407,1.1137,1.1002,1.0665,1.0327,1.0327,1.0327,1.0327,1.0327,1.0327
Floor Sol Union,FSU,CWT,Weight,1VNL,LVT,18.69,17.03,13.21,10.62,10.62,8.32,6.94,6.94,6.94,6.94
Floor Sol Union,FSU,CWT,Weight,1VNL,LVP,18.69,17.03,13.21,10.62,10.62,8.32,6.94,6.94,6.94,6.94
Floor Sol Union,FSU,CWT,Weight,1VNL,VCT,18.69,17.03,13.21,10.62,10.62,8.32,6.94,6.94,6.94,6.94
Floor Sol Union,FSU,SQYD,Area,1CBL,Carpet Roll,1.2701,1.2492,1.2283,1.2076,1.1556,1.1556,1.1556,1.1556,1.1556,1.1556
Floor Sol Union,FSU,SQYD,Area,1CPT,Carpet Tile,2.1592,2.1237,2.0882,2.0528,1.9645,1.9645,1.9645,1.9645,1.9645,1.9645
Kenny Floor Covering,KFC,CWT,Weight,1VNL,LVT,20.07,18.3,13.6,10.25,8.16,8.16,6.91,6.91,6.91,6.91
Kenny Floor Covering,KFC,CWT,Weight,1VNL,LVP,20.07,18.3,13.6,10.25,8.16,8.16,6.91,6.91,6.91,6.91
Kenny Floor Covering,KFC,CWT,Weight,1VNL,VCT,20.07,18.3,13.6,10.25,8.16,8.16,6.91,6.91,6.91,6.91
Kenny Floor Covering,KFC,SQYD,Area,1CBL,Carpet Roll,0.5953,0.5856,0.5758,0.566,0.5417,0.5953,0.5856,0.5758,0.566,0.5417
Kenny Floor Covering,KFC,SQYD,Area,1CPT,Carpet Tile,1.0121,0.9954,0.9788,0.9622,0.9208,1.0121,0.9954,0.9788,0.9622,0.9208
Spectra Pelham,SPP,CWT,Weight,1VNL,LVT,16.4,14.95,11.11,8.37,6.67,6.67,5.64,5.64,5.64,5.64
Spectra Pelham,SPP,CWT,Weight,1VNL,LVP,16.4,14.95,11.11,8.37,6.67,6.67,5.64,5.64,5.64,5.64
Spectra Pelham,SPP,CWT,Weight,1VNL,VCT,16.4,14.95,11.11,8.37,6.67,6.67,5.64,5.64,5.64,5.64
Spectra Pelham,SPP,SQYD,Area,1CBL,Carpet Roll,0.6614,0.6491,0.6306,0.6182,0.6058,0.6614,0.6491,0.6306,0.6182,0.6058
Spectra Pelham,SPP,SQYD,Area,1CPT,Carpet Tile,1.1245,1.1034,1.072,1.0509,1.0298,1.1245,1.1034,1.072,1.0509,1.0298
RD Weis Hawthorn,RDW,CWT,Weight,1VNL,LVT,32.69,30.36,25.52,19.5,15.43,15.43,13.63,13.63,13.63,13.63
RD Weis Hawthorn,RDW,CWT,Weight,1VNL,LVP,32.69,30.36,25.52,19.5,15.43,15.43,13.63,13.63,13.63,13.63
RD Weis Hawthorn,RDW,CWT,Weight,1VNL,VCT,32.69,30.36,25.52,19.5,15.43,15.43,13.63,13.63,13.63,13.63
RD Weis Hawthorn,RDW,SQYD,Area,1CBL,Carpet Roll,0.6747,0.6688,0.663,0.6513,0.6455,0.6747,0.6688,0.663,0.6513,0.6455
RD Weis Hawthorn,RDW,SQYD,Area,1CPT,Carpet Tile,1.1469,1.137,1.1271,1.1072,1.0973,1.1469,1.137,1.1271,1.1072,1.0973
Spectra Harrisburg,SPB,CWT,Weight,1VNL,LVT,24.78,22.59,17.52,14.09,11.04,11.04,9.2,9.2,9.2,9.2
Spectra Harrisburg,SPB,CWT,Weight,1VNL,LVP,24.78,22.59,17.52,14.09,11.04,11.04,9.2,9.2,9.2,9.2
Spectra Harrisburg,SPB,CWT,Weight,1VNL,VCT,24.78,22.59,17.52,14.09,11.04,11.04,9.2,9.2,9.2,9.2
Spectra Harrisburg,SPB,SQYD,Area,1CBL,Carpet Roll,0.7633,0.7488,0.7391,0.7294,0.7101,0.7633,0.7488,0.7391,0.7294,0.7101
Spectra Harrisburg,SPB,SQYD,Area,1CPT,Carpet Tile,1.2976,1.273,1.2565,1.24,1.2073,1.2976,1.273,1.2565,1.24,1.2073
Spectra San Antonio,SPSA,CWT,Weight,1VNL,LVT,28,25.52,20.34,16.99,13.28,13.28,11.16,11.16,11.16,11.16
Spectra San Antonio,SPSA,CWT,Weight,1VNL,LVP,28,25.52,20.34,16.99,13.28,13.28,11.16,11.16,11.16,11.16
Spectra San Antonio,SPSA,CWT,Weight,1VNL,VCT,28,25.52,20.34,16.99,13.28,13.28,11.16,11.16,11.16,11.16
Spectra San Antonio,SPSA,SQYD,Area,1CBL,Carpet Roll,0.6175,0.6011,0.593,0.5848,0.5644,0.6175,0.6011,0.593,0.5848,0.5644
Spectra San Antonio,SPSA,SQYD,Area,1CPT,Carpet Tile,1.0497,1.0219,1.0081,0.9941,0.9594,1.0497,1.0219,1.0081,0.9941,0.9594
Spectra Los Angeles,SPLA,CWT,Weight,1VNL,LVT,41.6,33.7,28.7,24.13,20.98,20.98,17.19,17.19,17.19,17.19
Spectra Los Angeles,SPLA,CWT,Weight,1VNL,LVP,41.6,33.7,28.7,24.13,20.98,20.98,17.19,17.19,17.19,17.19
Spectra Los Angeles,SPLA,CWT,Weight,1VNL,VCT,41.6,33.7,28.7,24.13,20.98,20.98,17.19,17.19,17.19,17.19
Spectra Los Angeles,SPLA,SQYD,Area,1CBL,Carpet Roll,0.7608,0.7443,0.7279,0.7114,0.6867,0.7608,0.7443,0.7279,0.7114,0.6867
Spectra Los Angeles,SPLA,SQYD,Area,1CPT,Carpet Tile,1.2934,1.2653,1.2374,1.2095,1.1674,1.2934,1.2653,1.2374,1.2095,1.1674
Spectra West Valley City,SPWV,CWT,Weight,1VNL,LVT,38.33,31.07,26.45,22.24,19.34,19.34,15.85,15.85,15.85,15.85
Spectra West Valley City,SPWV,CWT,Weight,1VNL,LVP,38.33,31.07,26.45,22.24,19.34,19.34,15.85,15.85,15.85,15.85
Spectra West Valley City,SPWV,CWT,Weight,1VNL,VCT,38.33,31.07,26.45,22.24,19.34,19.34,15.85,15.85,15.85,15.85
Spectra West Valley City,SPWV,SQYD,Area,1CBL,Carpet Roll,0.8049,0.798,0.7797,0.7712,0.7375,0.8049,0.798,0.7797,0.7712,0.7375
Spectra West Valley City,SPWV,SQYD,Area,1CPT,Carpet Tile,1.3684,1.3397,1.3254,1.311,1.2537,1.3684,1.3397,1.3254,1.311,1.2537
Spectra Cincinnati,DCN,CWT,Weight,1VNL,LVT,23.51,18.3,13.62,10.02,7.02,7.02,5.43,5.43,5.43,5.43
Spectra Cincinnati,DCN,CWT,Weight,1VNL,LVP,23.51,18.3,13.62,10.02,7.02,7.02,5.43,5.43,5.43,5.43
Spectra Cincinnati,DCN,CWT,Weight,1VNL,VCT,23.51,18.3,13.62,10.02,7.02,7.02,5.43,5.43,5.43,5.43
Spectra Cincinnati,DCN,SQYD,Area,1CBL,Carpet Roll,0.4367,0.4231,0.414,0.4049,0.3958,0.4367,0.4231,0.414,0.4049,0.3958
Spectra Cincinnati,DCN,SQYD,Area,1CPT,Carpet Tile,0.7424,0.7193,0.7038,0.6884,0.6729,0.7424,0.7193,0.7038,0.6884,0.6729
Spectra Columbus,SPC,CWT,Weight,1VNL,LVT,25.09,20.64,15.51,12.33,8.74,8.74,6.36,6.36,6.36,6.36
Spectra Columbus,SPC,CWT,Weight,1VNL,LVP,25.09,20.64,15.51,12.33,8.74,8.74,6.36,6.36,6.36,6.36
Spectra Columbus,SPC,CWT,Weight,1VNL,VCT,25.09,20.64,15.51,12.33,8.74,8.74,6.36,6.36,6.36,6.36
Spectra Columbus,SPC,SQYD,Area,1CBL,Carpet Roll,0.4366,0.4284,0.4162,0.408,0.3999,0.4366,0.4284,0.4162,0.408,0.3999
Spectra Columbus,SPC,SQYD,Area,1CPT,Carpet Tile,0.7422,0.7283,0.7075,0.6937,0.6798,0.7422,0.7283,0.7075,0.6937,0.6798
ProSpectra Cerritos,PSC,CWT,Weight,1VNL,LVT,41.6,33.7,28.7,24.13,20.98,20.98,17.19,17.19,17.19,17.19
ProSpectra Cerritos,PSC,CWT,Weight,1VNL,LVP,41.6,33.7,28.7,24.13,20.98,20.98,17.19,17.19,17.19,17.19
ProSpectra Cerritos,PSC,CWT,Weight,1VNL,VCT,41.6,33.7,28.7,24.13,20.98,20.98,17.19,17.19,17.19,17.19
ProSpectra Cerritos,PSC,SQYD,Area,1CBL,Carpet Roll,0.7608,0.7443,0.7279,0.7114,0.6867,0.7608,0.7443,0.7279,0.7114,0.6867
ProSpectra Cerritos,PSC,SQYD,Area,1CPT,Carpet Tile,1.2934,1.2653,1.2374,1.2095,1.1674,1.2934,1.2653,1.2374,1.2095,1.1674
Diverzify St. Louis,DSL,CWT,Weight,1VNL,LVT,25.55,21.01,15.02,8.9,8.9,6.48,6.48,6.48,6.48,6.48
Diverzify St. Louis,DSL,CWT,Weight,1VNL,LVP,25.55,21.01,15.02,8.9,8.9,6.48,6.48,6.48,6.48,6.48
Diverzify St. Louis,DSL,CWT,Weight,1VNL,VCT,25.55,21.01,15.02,8.9,8.9,6.48,6.48,6.48,6.48,6.48
Diverzify St. Louis,DSL,SQYD,Area,1CBL,Carpet Roll,0.4365,0.4284,0.4161,0.408,0.3998,0.3998,0.3998,0.3998,0.3998,0.3998
Diverzify St. Louis,DSL,SQYD,Area,1CPT,Carpet Tile,0.7422,0.7283,0.7075,0.6937,0.6797,0.6797,0.6797,0.6797,0.6797,0.6797
Spectra Huntsville,SPHV,CWT,Weight,1VNL,LVT,16.4,14.95,11.11,8.37,8.37,6.67,5.64,5.64,5.64,5.64
Spectra Huntsville,SPHV,CWT,Weight,1VNL,LVP,16.4,14.95,11.11,8.37,8.37,6.67,5.64,5.64,5.64,5.64
Spectra Huntsville,SPHV,CWT,Weight,1VNL,VCT,16.4,14.95,11.11,8.37,8.37,6.67,5.64,5.64,5.64,5.64
Spectra Huntsville,SPHV,SQYD,Area,1CBL,Carpet Roll,0.6617,0.6494,0.6308,0.6184,0.6061,0.6061,0.6061,0.6061,0.6061,0.6061
Spectra Huntsville,SPHV,SQYD,Area,1CPT,Carpet Tile,1.1249,1.1039,1.0724,1.0513,1.0303,1.0303,1.0303,1.0303,1.0303,1.0303
Spectra Austin,SPA,CWT,Weight,1VNL,LVT,27.51,25.09,19.6,13.05,13.05,10.96,10.96,10.96,10.96,10.96
Spectra Austin,SPA,CWT,Weight,1VNL,LVP,27.51,25.09,19.6,13.05,13.05,10.96,10.96,10.96,10.96,10.96
Spectra Austin,SPA,CWT,Weight,1VNL,VCT,27.51,25.09,19.6,13.05,13.05,10.96,10.96,10.96,10.96,10.96
Spectra Austin,SPA,SQYD,Area,1CBL,Carpet Roll,0.6442,0.6244,0.6126,0.6046,0.5809,0.5809,0.5809,0.5809,0.5809,0.5809
Spectra Austin,SPA,SQYD,Area,1CPT,Carpet Tile,1.0951,1.0614,1.0414,1.0279,0.9876,0.9876,0.9876,0.9876,0.9876,0.9876
Spectra Sterling,SPS,CWT,Weight,1VNL,LVT,24.78,22.59,17.51,14.08,14.08,11.03,9.2,9.2,9.2,9.2
Spectra Sterling,SPS,CWT,Weight,1VNL,LVP,24.78,22.59,17.51,14.08,14.08,11.03,9.2,9.2,9.2,9.2
Spectra Sterling,SPS,CWT,Weight,1VNL,VCT,24.78,22.59,17.51,14.08,14.08,11.03,9.2,9.2,9.2,9.2
Spectra Sterling,SPS,SQYD,Area,1CBL,Carpet Roll,0.518,0.5071,0.4999,0.489,0.4745,0.4745,0.4745,0.4745,0.4745,0.4745
Spectra Sterling,SPS,SQYD,Area,1CPT,Carpet Tile,0.8806,0.8621,0.8498,0.8313,0.8067,0.8067,0.8067,0.8067,0.8067,0.8067
ProSpectra Las Vegas,PSLV,CWT,Weight,1VNL,LVT,48.11,38.59,30.03,28.29,28.29,25.56,20.47,20.47,20.47,20.47
ProSpectra Las Vegas,PSLV,CWT,Weight,1VNL,LVP,48.11,38.59,30.03,28.29,28.29,25.56,20.47,20.47,20.47,20.47
ProSpectra Las Vegas,PSLV,CWT,Weight,1VNL,VCT,48.11,38.59,30.03,28.29,28.29,25.56,20.47,20.47,20.47,20.47
ProSpectra Las Vegas,PSLV,SQYD,Area,1CBL,Carpet Roll,1.0476,1.0272,1.0117,0.9863,0.9555,0.9555,0.9555,0.9555,0.9555,0.9555
ProSpectra Las Vegas,PSLV,SQYD,Area,1CPT,Carpet Tile,1.7809,1.7462,1.72,1.6766,1.6244,1.6244,1.6244,1.6244,1.6244,1.6244
"Louisville, KY",SPLV,CWT,Weight,1VNL,LVT,20.1,18.12,13.79,10.27,10.27,8.09,7.33,7.33,7.33,7.33
"Louisville, KY",SPLV,CWT,Weight,1VNL,LVP,20.1,18.12,13.79,10.27,10.27,8.09,7.33,7.33,7.33,7.33
"Louisville, KY",SPLV,CWT,Weight,1VNL,VCT,20.1,18.12,13.79,10.27,10.27,8.09,7.33,7.33,7.33,7.33
"Louisville, KY",SPLV,SQYD,Area,1CBL,Carpet Roll,0.3966,0.3844,0.3761,0.3679,0.3596,0.3596,0.3596,0.3596,0.3596,0.3596
"Louisville, KY",SPLV,SQYD,Area,1CPT,Carpet Tile,0.6745,0.6535,0.6394,0.6254,0.6113,0.6113,0.6113,0.6113,0.6113,0.6113
ProSpectra Poway,PSP,CWT,Weight,1VNL,LVT,44.19,35.79,30.64,25.63,25.63,22.08,18.27,18.27,18.27,18.27
ProSpectra Poway,PSP,CWT,Weight,1VNL,LVP,44.19,35.79,30.64,25.63,25.63,22.08,18.27,18.27,18.27,18.27
ProSpectra Poway,PSP,CWT,Weight,1VNL,VCT,44.19,35.79,30.64,25.63,25.63,22.08,18.27,18.27,18.27,18.27
ProSpectra Poway,PSP,SQYD,Area,1CBL,Carpet Roll,0.7828,0.7655,0.7584,0.7422,0.7098,0.7098,0.7098,0.7098,0.7098,0.7098
ProSpectra Poway,PSP,SQYD,Area,1CPT,Carpet Tile,1.3307,1.3031,1.2893,1.2617,1.2066,1.2066,1.2066,1.2066,1.2066,1.2066
Floor Sol Greensboro,FSG,CWT,Weight,1VNL,LVT,18.69,17.03,13.21,10.62,10.62,6.82,6.94,6.94,6.94,6.94
Floor Sol Greensboro,FSG,CWT,Weight,1VNL,LVP,18.69,17.03,13.21,10.62,10.62,6.82,6.94,6.94,6.94,6.94
Floor Sol Greensboro,FSG,CWT,Weight,1VNL,VCT,18.69,17.03,13.21,10.62,10.62,6.82,6.94,6.94,6.94,6.94
Floor Sol Greensboro,FSG,SQYD,Area,1CBL,Carpet Roll,1.2701,1.2492,1.2283,1.2076,1.1555,1.1555,1.1555,1.1555,1.1555,1.1555
Floor Sol Greensboro,FSG,SQYD,Area,1CPT,Carpet Tile,2.1592,2.1237,2.0882,2.0528,1.9645,1.9645,1.9645,1.9645,1.9645,1.9645
Diverzify INDY,DIN,CWT,Weight,1VNL,LVT,25.47,20.95,15.72,12.51,12.51,8.87,6.46,6.46,6.46,6.46
Diverzify INDY,DIN,CWT,Weight,1VNL,LVP,25.47,20.95,15.72,12.51,12.51,8.87,6.46,6.46,6.46,6.46
Diverzify INDY,DIN,CWT,Weight,1VNL,VCT,25.47,20.95,15.72,12.51,12.51,8.87,6.46,6.46,6.46,6.46
Diverzify INDY,DIN,SQYD,Area,1CBL,Carpet Roll,0.3748,0.3658,0.3598,0.3538,0.3388,0.3388,0.3388,0.3388,0.3388,0.3388
Diverzify INDY,DIN,SQYD,Area,1CPT,Carpet Tile,0.6371,0.6218,0.6116,0.6014,0.5759,0.5759,0.5759,0.5759,0.5759,0.5759
ProSpectra Union City,PSUC,CWT,Weight,1VNL,LVT,45.48,36.85,31.37,26.38,26.38,22.93,18.01,18.01,18.01,18.01
ProSpectra Union City,PSUC,CWT,Weight,1VNL,LVP,45.48,36.85,31.37,26.38,26.38,22.93,18.01,18.01,18.01,18.01
ProSpectra Union City,PSUC,CWT,Weight,1VNL,VCT,45.48,36.85,31.37,26.38,26.38,22.93,18.01,18.01,18.01,18.01
ProSpectra Union City,PSUC,SQYD,Area,1CBL,Carpet Roll,0.8818,0.862,0.8422,0.8343,0.8106,0.8106,0.8106,0.8106,0.8106,0.8106
ProSpectra Union City,PSUC,SQYD,Area,1CPT,Carpet Tile,1.499,1.4654,1.4318,1.4184,1.378,1.378,1.378,1.378,1.378,1.378
Spectra Tigard,SPTG,CWT,Weight,1VNL,LVT,46.49,37.11,31.59,26.57,26.57,23.22,19.13,19.13,19.13,19.13
Spectra Tigard,SPTG,CWT,Weight,1VNL,LVP,46.49,37.11,31.59,26.57,26.57,23.22,19.13,19.13,19.13,19.13
Spectra Tigard,SPTG,CWT,Weight,1VNL,VCT,46.49,37.11,31.59,26.57,26.57,23.22,19.13,19.13,19.13,19.13
Spectra Tigard,SPTG,SQYD,Area,1CBL,Carpet Roll,1.0587,1.0443,1.0204,1.0012,0.9821,0.9821,0.9821,0.9821,0.9821,0.9821
Spectra Tigard,SPTG,SQYD,Area,1CPT,Carpet Tile,1.7998,1.7753,1.7346,1.7021,1.6695,1.6695,1.6695,1.6695,1.6695,1.6695
Beckers Flooring Minneapolis,BSC,CWT,Weight,1VNL,LVT,27.51,25.09,19.99,16.7,16.7,13.05,10.96,10.96,10.96,10.96
Beckers Flooring Minneapolis,BSC,CWT,Weight,1VNL,LVP,27.51,25.09,19.99,16.7,16.7,13.05,10.96,10.96,10.96,10.96
Beckers Flooring Minneapolis,BSC,CWT,Weight,1VNL,VCT,27.51,25.09,19.99,16.7,16.7,13.05,10.96,10.96,10.96,10.96
Beckers Flooring Minneapolis,BSC,SQYD,Area,1CBL,Carpet Roll,0.5844,0.5632,0.5547,0.5462,0.5293,0.5293,0.5293,0.5293,0.5293,0.5293
Beckers Flooring Minneapolis,BSC,SQYD,Area,1CPT,Carpet Tile,0.9934,0.9574,0.9431,0.9286,0.8999,0.8999,0.8999,0.8999,0.8999,0.8999
ProSpectra Sacramento,PSS,CWT,Weight,1VNL,LVT,44.85,36.34,30.36,26.01,26.01,22.61,18.54,18.54,18.54,18.54
ProSpectra Sacramento,PSS,CWT,Weight,1VNL,LVP,44.85,36.34,30.36,26.01,26.01,22.61,18.54,18.54,18.54,18.54
ProSpectra Sacramento,PSS,CWT,Weight,1VNL,VCT,44.85,36.34,30.36,26.01,26.01,22.61,18.54,18.54,18.54,18.54
ProSpectra Sacramento,PSS,SQYD,Area,1CBL,Carpet Roll,0.882,0.8622,0.8424,0.8345,0.8108,0.882,0.8622,0.8424,0.8345,0.8108
ProSpectra Sacramento,PSS,SQYD,Area,1CPT,Carpet Tile,1.4994,1.4658,1.4322,1.4187,1.3784,1.4994,1.4658,1.4322,1.4187,1.3784
Spectra Tukwila,SPK,CWT,Weight,1VNL,LVT,47.47,37.9,32.29,27.13,27.13,23.71,19.64,19.64,19.64,19.64
Spectra Tukwila,SPK,CWT,Weight,1VNL,LVP,47.47,37.9,32.29,27.13,27.13,23.71,19.64,19.64,19.64,19.64
Spectra Tukwila,SPK,CWT,Weight,1VNL,VCT,47.47,37.9,32.29,27.13,27.13,23.71,19.64,19.64,19.64,19.64
Spectra Tukwila,SPK,SQYD,Area,1CBL,Carpet Roll,1.0032,0.9935,0.9743,0.9648,0.936,1.0032,0.9935,0.9743,0.9648,0.936
Spectra Tukwila,SPK,SQYD,Area,1CPT,Carpet Tile,1.7054,1.689,1.6564,1.6402,1.5911,1.7054,1.689,1.6564,1.6402,1.5911
Flooring Solutions N Charleston,FSC,CWT,Weight,1VNL,LVT,20.93,19.08,14.79,11.9,11.9,9.31,7.77,7.77,7.77,7.77
Flooring Solutions N Charleston,FSC,CWT,Weight,1VNL,LVP,20.93,19.08,14.79,11.9,11.9,9.31,7.77,7.77,7.77,7.77
Flooring Solutions N Charleston,FSC,CWT,Weight,1VNL,VCT,20.93,19.08,14.79,11.9,11.9,9.31,7.77,7.77,7.77,7.77
Flooring Solutions N Charleston,FSC,SQYD,Area,1CBL,Carpet Roll,0.7967,0.7836,0.7705,0.7574,0.7248,0.7248,0.7248,0.7248,0.7248,0.7248
Flooring Solutions N Charleston,FSC,SQYD,Area,1CPT,Carpet Tile,1.3543,1.3321,1.3098,1.2876,1.2322,1.2322,1.2322,1.2322,1.2322,1.2322
Wright Commercial Floors,DPW,CWT,Weight,1VNL,LVT,24.26,22.12,17.14,13.79,13.79,10.89,9.01,9.01,9.01,9.01
Wright Commercial Floors,DPW,CWT,Weight,1VNL,LVP,24.26,22.12,17.14,13.79,13.79,10.89,9.01,9.01,9.01,9.01
Wright Commercial Floors,DPW,CWT,Weight,1VNL,VCT,24.26,22.12,17.14,13.79,13.79,10.89,9.01,9.01,9.01,9.01
Wright Commercial Floors,DPW,SQYD,Area,1CBL,Carpet Roll,0.4629,0.4552,0.4477,0.44,0.44,0.44,0.44,0.44,0.44,0.44
Wright Commercial Floors,DPW,SQYD,Area,1CPT,Carpet Tile,0.7869,0.7739,0.7611,0.7481,0.7481,0.7481,0.7481,0.7481,0.7481,0.7481
Contract Carpet Solutions,CCS,CWT,Weight,1VNL,LVT,21.11,19.25,14.92,10.4,10.4,7.84,7.84,7.84,7.84,7.84
Contract Carpet Solutions,CCS,CWT,Weight,1VNL,VCT,21.11,19.25,14.92,10.4,10.4,7.84,7.84,7.84,7.84,7.84
Contract Carpet Solutions,CCS,CWT,Weight,1VNL,LVP,21.11,19.25,14.92,10.4,10.4,7.84,7.84,7.84,7.84,7.84
Contract Carpet Solutions,CCS,SQYD,Area,1CBL,Carpet Roll,0.496,0.4795,0.4671,0.4599,0.4506,0.4506,0.4506,0.4506,0.4506,0.4506
Contract Carpet Solutions,CCS,SQYD,Area,1CPT,Carpet Tile,0.8432,0.8151,0.7941,0.7801,0.766,0.766,0.766,0.766,0.766,0.766
Contract Carpet Solutions (Gov),CCSG,CWT,Weight,1VNL,LVT,21.11,19.25,14.92,12,12,9.4,7.84,7.84,7.84,7.84
Contract Carpet Solutions (Gov),CCSG,CWT,Weight,1VNL,VCT,21.11,19.25,14.92,12,12,9.4,7.84,7.84,7.84,7.84
Contract Carpet Solutions (Gov),CCSG,CWT,Weight,1VNL,LVP,21.11,19.25,14.92,12,12,9.4,7.84,7.84,7.84,7.84
Contract Carpet Solutions (Gov),CCSG,SQYD,Area,1CBL,Carpet Roll,0.496,0.4795,0.4671,0.4589,0.4506,0.4506,0.4506,0.4506,0.4506,0.4506
Contract Carpet Solutions (Gov),CCSG,SQYD,Area,1CPT,Carpet Tile,0.8432,0.8151,0.7941,0.7801,0.766,0.766,0.766,0.766,0.766,0.766
Flooring Solutions - New Hanover,FSNC,CWT,Weight,1VNL,LVT,20.65,18.82,14.59,11.93,11.93,9.76,7.67,7.67,7.67,7.67
Flooring Solutions - New Hanover,FSNC,CWT,Weight,1VNL,VCT,20.65,18.82,14.59,11.93,11.93,9.76,7.67,7.67,7.67,7.67
Flooring Solutions - New Hanover,FSNC,CWT,Weight,1VNL,LVP,20.65,18.82,14.59,11.93,11.93,9.76,7.67,7.67,7.67,7.67
Flooring Solutions - New Hanover,FSNC,SQYD,Area,1CBL,Carpet Roll,0.7388,0.7266,0.7145,0.7024,0.6722,0.6722,0.6722,0.6722,0.6722,0.6722
Flooring Solutions - New Hanover,FSNC,SQYD,Area,1CPT,Carpet Tile,1.2559,1.2353,1.2147,1.1941,1.1427,1.1427,1.1427,1.1427,1.1427,1.1427
Spectra Lockland,SPL,CWT,Weight,1VNL,LVT,22.13,17.22,12.82,9.43,9.43,6.61,5.11,5.11,5.11,5.11
Spectra Lockland,SPL,CWT,Weight,1VNL,VCT,22.13,17.22,12.82,9.43,9.43,6.61,5.11,5.11,5.11,5.11
Spectra Lockland,SPL,CWT,Weight,1VNL,LVP,22.13,17.22,12.82,9.43,9.43,6.61,5.11,5.11,5.11,5.11
Spectra Lockland,SPL,SQYD,Area,1CBL,Carpet Roll,0.4367,0.4231,0.414,0.4049,0.3958,0.3958,0.3958,0.3958,0.3958,0.3958
Spectra Lockland,SPL,SQYD,Area,1CPT,Carpet Tile,0.7424,0.7193,0.7038,0.6884,0.6729,0.6729,0.6729,0.6729,0.6729,0.6729
Continental Floors,SPCB,CWT,Weight,1VNL,LVT,22.82,18.77,14.11,11.21,11.21,7.95,5.78,5.78,5.78,5.78
Continental Floors,SPCB,CWT,Weight,1VNL,VCT,22.82,18.77,14.11,11.21,11.21,7.95,5.78,5.78,5.78,5.78
Continental Floors,SPCB,CWT,Weight,1VNL,LVP,22.82,18.77,14.11,11.21,11.21,7.95,5.78,5.78,5.78,5.78
Continental Floors,SPCB,SQYD,Area,1CBL,Carpet Roll,0.4305,0.4225,0.4104,0.4024,0.3934,0.3934,0.3934,0.3934,0.3934,0.3934
Continental Floors,SPCB,SQYD,Area,1CPT,Carpet Tile,0.7319,0.7182,0.6977,0.684,0.6703,0.6703,0.6703,0.6703,0.6703,0.6703
