site,site_description,supplier_no,supplier_name,invoice_id,invoice_no,date_posted,project_id,project_name,account,account_description,planned_delivery_date,ship_to_zip,po_no,po_line_no,po_rel_no,receipt_no,part_no,part_description,comm_1,comm_2,po_purch_qty,purch_uom,po_inv_qty,inv_uom,invoiced_line_qty,invoice_line_total,po_price,commodity_group,description,old/new,priority,match_commodity,match_supplier,classification,new_commodity_description,new_commodity_group,conversion_code,all_accounts_2008_uom_classified,all_2008_accounts_converted,has_freight_line,multiple_freight_lines,multiple_parts,multiple_commodities,all__invoice_priority_products_(2008),any__invoice_priority_products_(2008),freight_per_invoice
DIT,Diverzify Itasca,890,All Surfaces,443670,5378334,10-Jan-24,2311123624,Rick Sidor Residence,2008,Received Not Yet Invoiced,22-Dec-23,60143.0,47568,1,1,1.0,1000008205,"FirmFit Casebella Stateside CWH-5773 6mm x 9.1"" x 60.3"" 22 mil Parkview LVT",1VNL,2LVT,1013.89,SF,1013.89,SQFT,1013.89,2727.36,2727.36,1VNL,Vinyl,New Commodity,Yes,Commodity Found,Supplier registered,Classified,LVT,1VNL,LVT_1VNL_SQFT,True,True,True,False,False,False,True,True,54.55
DIT,Diverzify Itasca,108164,"Mannington Mills, Inc.",454017,98533229,17-Jan-24,230485284,Epic Delphi Conference Room Refresh,2008,Received Not Yet Invoiced,4-Dec-23,60143.0,40635,1,1,1.0,1000006036,Mannington Amtico Stone 18in x 18in 2.5MM - Stria Sediment (AROSMS14),1VNL,2LVT,180.0,SF,180.0,SQFT,180.0,846.0,846.0,1VNL,Vinyl,New Commodity,Yes,Commodity Found,Supplier registered,Classified,LVT,1VNL,LVT_1VNL_SQFT,True,True,True,False,False,False,True,True,49.55
DIT,Diverzify Itasca,890,All Surfaces,457800,5392192,19-Jan-24,2310119387,Round Barn Manor,2008,Received Not Yet Invoiced,3-Jan-24,60143.0,49453,1,1,3.0,1000008746,Congoleum Triversa Prime 9in x 60in 6MM - Fawn (TX181),1VNL,2LVP,3134.6,SF,3134.6,SQFT,3134.6,7993.23,7993.23,1VNL,Vinyl,New Commodity,Yes,Commodity Found,Supplier registered,Classified,LVP,1VNL,LVP_1VNL_SQFT,True,True,True,False,False,False,True,True,159.86
DIT,Diverzify Itasca,103423,"Shaw Industries, Inc.",466275,9489866,25-Jan-24,2401130627,Hotel Zachary - Tenant 9 Elevator F,2008,Received Not Yet Invoiced,10-Jan-24,60143.0,52075,1,1,1.0,1000009308,"Shaw Unite 0927V 9"" x 48"" 27585 Cornerstone",1VNL,2LVP,120.0,SF,120.0,SQFT,120.0,451.2,451.2,1VNL,Vinyl,New Commodity,Yes,Commodity Found,Supplier registered,Classified,LVP,1VNL,LVP_1VNL_SQFT,True,True,True,False,False,False,True,True,86.14
DIT,Diverzify Itasca,103423,"Shaw Industries, Inc.",559703,9809373,20-Mar-24,2402136755,Arrow Electronics,2008,Received Not Yet Invoiced,13-Feb-24,60143.0,64012,1,1,1.0,1000012638,Shaw Industries Reside (20 mil) (4381V) Resilient 6in x 47in Pause (94580),1VNL,2LVT,1961.9,SF,1961.9,SQFT,85.3,141.6,141.6,1VNL,Vinyl,New Commodity,Yes,Commodity Found,Supplier registered,Classified,LVT,1VNL,LVT_1VNL_SQFT,True,True,True,False,False,False,True,True,88.5
DIT,Diverzify Itasca,103423,"Shaw Industries, Inc.",559715,9851241,20-Mar-24,2402136755,Arrow Electronics,2008,Received Not Yet Invoiced,13-Feb-24,60143.0,64012,1,1,2.0,1000012638,Shaw Industries Reside (20 mil) (4381V) Resilient 6in x 47in Pause (94580),1VNL,2LVT,1961.9,SF,1961.9,SQFT,1876.6,3115.16,3115.16,1VNL,Vinyl,New Commodity,Yes,Commodity Found,Supplier registered,Classified,LVT,1VNL,LVT_1VNL_SQFT,True,True,True,False,False,False,True,True,331.28
DIT,Diverzify Itasca,121019,"Bentley Mills, Inc.",562903,834225,21-Mar-24,2402138723,Wrigley suite N1010,2008,Received Not Yet Invoiced,20-Feb-24,60143.0,65366,1,1,1.0,1000005008,Bentley Moment (BMMNT) 20 mil glue down plank 9in x 48in 2.5 MM - ORGANIC (801985),1VNL,2LVP,96.0,SF,96.0,SQFT,96.0,181.44,181.44,1VNL,Vinyl,New Commodity,Yes,Commodity Found,Supplier registered,Classified,LVP,1VNL,LVP_1VNL_SQFT,True,True,True,False,False,False,True,True,150.0
DIT,Diverzify Itasca,104804,Spartan Surfaces,592040,666351,4-Apr-24,221174030,Lumen Fox Valley PH2,2008,Received Not Yet Invoiced,13-Mar-24,60143.0,73185,1,1,1.0,208270-006,Cobalt Surfaces-Petrous (P20-xxx)-20 Mil Rigid Core IXPE-7in x 48in-5.0mm-FAWN (401),1VNL,2VCT,3065.55,SF,3065.55,SQFT,3065.55,8307.64,8307.64,1VNL,Vinyl,New Commodity,Yes,Commodity Found,Supplier registered,Classified,VCT,1VNL,VCT_1VNL_SQFT,True,True,True,False,False,False,True,True,1043.0
DIT,Diverzify Itasca,103423,"Shaw Industries, Inc.",607962,9831043,14-Apr-24,2311122175,Westin Michigan Ave Prefunction Rep,2008,Received Not Yet Invoiced,29-Dec-23,60143.0,48733,1,1,1.0,1000008199,Shaw-Verve (5A352)-Synthetic-12'-Fervor (52761),1CBL,2CBL,50.0,SY,50.0,SQYD,50.0,3129.5,3129.5,1CBL,Carpet BL,New Commodity,Yes,Commodity Found,Supplier registered,Classified,Carpet Roll,1CBL,Carpet_Roll_1CBL_SQYD,True,True,True,False,False,False,True,True,88.5
DIT,Diverzify Itasca,103423,"Shaw Industries, Inc.",611694,9882994,16-Apr-24,221174030,Lumen Fox Valley PH2,5205,PROJECT PO Variance M181 & M182,3-Jan-24,60143.0,65045,1,1,1.0,1000007880,"Shaw- Upscale (60117) 12""- Synthetic- Fine Linen (00102)",1CBL,2CBL,11457.97,SY,11457.97,SQYD,,-0.01,,1CBL,Carpet BL,New Commodity,Yes,Commodity Found,Supplier registered,Classified,Carpet Roll,1CBL,Carpet_Roll_1CBL_SQYD,True,True,True,False,False,False,True,True,1831.0
DIT,Diverzify Itasca,103423,"Shaw Industries, Inc.",611694,9882994,16-Apr-24,221174030,Lumen Fox Valley PH2,2008,Received Not Yet Invoiced,3-Jan-24,60143.0,65045,1,1,1.0,1000007880,"Shaw- Upscale (60117) 12""- Synthetic- Fine Linen (00102)",1CBL,2CBL,11457.97,SY,11457.97,SQYD,11457.97,95788.64,95788.63,1CBL,Carpet BL,New Commodity,Yes,Commodity Found,Supplier registered,Classified,Carpet Roll,1CBL,Carpet_Roll_1CBL_SQYD,True,True,True,False,False,False,True,True,1831.0
DIT,Diverzify Itasca,100443,DALTILE,613250,142232887,30-Apr-24,2401134723,869 Blackhawk Material,2008,Received Not Yet Invoiced,9-Feb-24,60143.0,59551,1,1,1.0,1000011569,"Daltile - Pro Series - Cyrose 2mm 12 mil - 6"" x 48"" - Vinyl Plank - White Ash (CY30)",1VNL,2LVP,108.0,SF,108.0,SQFT,108.0,108.0,108.0,1VNL,Vinyl,New Commodity,Yes,Commodity Found,Supplier registered,Classified,LVP,1VNL,LVP_1VNL_SQFT,True,True,True,False,False,False,True,True,4.86
DIT,Diverzify Itasca,103423,"Shaw Industries, Inc.",584653,2171058,30-Apr-24,2401130681,Marriott Lincolnshire Room 3220,2008,Received Not Yet Invoiced,25-Mar-24,60143.0,77564,1,1,1.0,1000017558,Patcraft Sculpted (I0648) 12ft Synthetic - Amber (00110),10,10,32.0,SY,32.0,SQYD,32.0,576.0,576.0,10,Carpet,Old Commodity,Yes,Commodity Found,Supplier registered,Classified,Carpet Roll,1CBL,Carpet_Roll_1CBL_SQYD,True,True,True,False,False,False,True,True,34.85
DIT,Diverzify Itasca,102478,Matter Surfaces Inc,655571,981590,10-May-24,2312129230,Palmer House 5th Floor Kitchen,2008,Received Not Yet Invoiced,8-Apr-24,60143.0,82783,1,1,1.0,1000017792,"Matter Surfaces Super Nop Mat - Charcoal 13'2""x12'",1CBL,2CBL,158.04,SF,158.04,SQFT,158.04,655.87,655.87,1CBL,Carpet BL,New Commodity,Yes,Commodity Found,Supplier registered,Classified,Carpet Roll,1CBL,Carpet_Roll_1CBL_SQFT,True,True,True,False,False,False,True,True,151.2
DIT,Diverzify Itasca,104804,Spartan Surfaces,634257,669266,14-May-24,210345606,Metro 19 - ICP,2008,Received Not Yet Invoiced,19-Apr-24,60143.0,87097,1,1,1.0,1000020092,Cobalt Surfaces - Katanga K12 - 2mm 12 mil	7x48 2mm 801 Myrtle LVT,1VNL,2LVT,164396.61,SF,164396.61,SQFT,56529.0,40135.59,40135.59,1VNL,Vinyl,New Commodity,Yes,Commodity Found,Supplier registered,Classified,LVT,1VNL,LVT_1VNL_SQFT,True,True,True,False,False,False,True,True,6750.0
DIT,Diverzify Itasca,121550,Mohawk Industries,666772,C2490892,16-May-24,2405154938,Encore- Hilton Chicago,2008,Received Not Yet Invoiced,15-May-24,60143.0,94160,1,1,1.0,1000017677,MOHAWK COLOR STUDY 30 (BC574) WELDLOK 12' - TRICON BLACK (999),1CBL,2CBL,53.34,SY,53.34,SQYD,53.34,727.02,727.02,1CBL,Carpet BL,New Commodity,Yes,Commodity Found,Supplier registered,Classified,Carpet Roll,1CBL,Carpet_Roll_1CBL_SQYD,True,True,True,False,False,False,True,True,54.95
DIT,Diverzify Itasca,101526,"Shaw Industries, Inc.",664551,2552203,17-May-24,2401133222,Downers Grove SD 58 - ONeill & Herr,2008,Received Not Yet Invoiced,2-May-24,60143.0,92037,5,1,1.0,1000020371,"Shaw Cultura Crossing Paths (4431V) 18"" x 18"" 2.5mm - Gesso (91520)",1VNL,2LVT,1044.0,SF,1044.0,SQFT,828.0,1937.52,1937.52,1VNL,Vinyl,New Commodity,Yes,Commodity Found,Supplier registered,Classified,LVT,1VNL,LVT_1VNL_SQFT,True,True,True,False,True,False,True,True,323.84
DIT,Diverzify Itasca,101526,"Shaw Industries, Inc.",664551,2552203,17-May-24,2401133222,Downers Grove SD 58 - ONeill & Herr,2008,Received Not Yet Invoiced,2-May-24,60143.0,92037,4,1,1.0,1000020358,"Shaw Cultura Crossing Paths (4431V) 18"" x 18"" 2.5mm - Eggshell (91111)",1VNL,2LVT,828.0,SF,828.0,SQFT,1044.0,2442.96,2442.96,1VNL,Vinyl,New Commodity,Yes,Commodity Found,Supplier registered,Classified,LVT,1VNL,LVT_1VNL_SQFT,True,True,True,False,True,False,True,True,323.84
DIT,Diverzify Itasca,890,All Surfaces,675665,5570163,22-May-24,2311123624,Rick Sidor Residence,2008,Received Not Yet Invoiced,14-Mar-24,60143.0,73930,1,1,1.0,1000008205,"FirmFit Casebella Stateside CWH-5773 6mm x 9.1"" x 60.3"" 22 mil Parkview LVT",1VNL,2LVT,76.52,SF,76.52,SQFT,76.52,205.84,205.84,1VNL,Vinyl,New Commodity,Yes,Commodity Found,Supplier registered,Classified,LVT,1VNL,LVT_1VNL_SQFT,True,True,True,False,False,False,True,True,7.54
DIT,Diverzify Itasca,121550,Mohawk Industries,632642,C2274904,27-May-24,2404147761,"Managers office 1403, 60 E",2008,Received Not Yet Invoiced,11-Apr-24,60143.0,82789,2,1,1.0,1000019664,Mohawk Molveno Stones (C0109) 11.75in x 35.75in x 20mil -  Perfect Greige (879),1VNL,2LVT,122.5,SF,122.5,SQFT,122.5,530.43,530.43,1VNL,Vinyl,New Commodity,Yes,Commodity Found,Supplier registered,Classified,LVT,1VNL,LVT_1VNL_SQFT,True,True,True,False,False,False,True,True,3.71
DIT,Diverzify Itasca,121019,"Bentley Mills, Inc.",660757,844232,30-May-24,2404153202,Real Page Reduction,2008,Received Not Yet Invoiced,10-May-24,60143.0,94935,1,1,1.0,1000015197,Bentley Memory (BMMRY0) 9in x 48in 2.5mm - Bungalow (801983),1VNL,2LVT,1632.0,SF,1632.0,SQFT,1632.0,3264.0,3264.0,1VNL,Vinyl,New Commodity,Yes,Commodity Found,Supplier registered,Classified,LVT,1VNL,LVT_1VNL_SQFT,True,True,True,False,False,False,True,True,489.59
DIT,Diverzify Itasca,102775,"Interface Americas, Inc.",691064,2519230,31-May-24,2404153460,The Brooks Institute,2008,Received Not Yet Invoiced,14-May-24,60143.0,96761,1,1,1.0,1000011649,Interface Northern Grain (A026) 25cm x 1m 4.5 mm 22 mil Dark Satin (A02612),1VNL,2VCT,538.2,SF,538.2,SQFT,538.2,1883.7,1883.7,1VNL,Vinyl,New Commodity,Yes,Commodity Found,Supplier registered,Classified,VCT,1VNL,VCT_1VNL_SQFT,True,True,True,False,False,False,True,True,245.38
DIT,Diverzify Itasca,101526,"Shaw Industries, Inc.",695535,2755615,3-Jun-24,2404150399,Wrigley suite N1020 CARPET,2008,Received Not Yet Invoiced,24-May-24,60143.0,100462,1,1,1.0,1000023359,Shaw Fond Broadloom (#5A370)12' - Vivid (#90515),10,,111.0,SY,111.0,SQYD,111.0,1171.05,1171.05,10,Carpet,Old Commodity,Yes,Commodity Found,Supplier registered,Classified,Carpet Roll,1CBL,Carpet_Roll_1CBL_SQYD,True,True,True,False,False,False,True,True,115.38
DIT,Diverzify Itasca,101526,"Shaw Industries, Inc.",705966,2838514,11-Jun-24,2402140693,Round Barn Manor Corridors,2008,Received Not Yet Invoiced,4-Jun-24,60143.0,103260,1,1,1.0,1000023976,Philadelphia Emphatic II 30 (54255) 12ft Synthetic - Clay Bisque (56153),10,10,375.0,SY,375.0,SQYD,375.01,4117.62,4117.61,10,Carpet,Old Commodity,Yes,Commodity Found,Supplier registered,Classified,Carpet Roll,1CBL,Carpet_Roll_1CBL_SQYD,True,True,True,False,False,False,True,True,388.47
DIT,Diverzify Itasca,101526,"Shaw Industries, Inc.",705966,2838514,11-Jun-24,2402140693,Round Barn Manor Corridors,5205,PROJECT PO Variance M181 & M182,4-Jun-24,60143.0,103260,1,1,1.0,1000023976,Philadelphia Emphatic II 30 (54255) 12ft Synthetic - Clay Bisque (56153),10,10,375.0,SY,375.0,SQYD,,-0.01,,10,Carpet,Old Commodity,Yes,Commodity Found,Supplier registered,Classified,Carpet Roll,1CBL,Carpet_Roll_1CBL_SQYD,True,True,True,False,False,False,True,True,388.47
DIT,Diverzify Itasca,107786,Dal Tile Corporation,709745,142281660,12-Jun-24,2311123665,LUC Steam Plant Office Interior Upg,2008,Received Not Yet Invoiced,7-Feb-24,60143.0,61359,1,1,1.0,1000012225,DALTILE	ELIXEN 2.5mm 7 x 47 VINTAGE PINE EX32,1VNL,2LVT,2825.28,SF,2825.28,SQFT,2825.28,3927.14,3927.14,1VNL,Vinyl,New Commodity,Yes,Commodity Found,Supplier registered,Classified,LVT,1VNL,LVT_1VNL_SQFT,True,True,True,False,False,False,True,True,177.55
DIT,Diverzify Itasca,126695,Tarkett USA Inc,705010,8201973871,12-Jun-24,2402138295,D227 Door #5 carpet,2008,Received Not Yet Invoiced,28-Mar-24,60143.0,79690,2,1,1.0,1000018002,Tarkett-Contour Modern Stone-32 mil Square Edge (SE)-12in x 24in-3 MM- Plank- Monteray  (PCMS 0633),1VNL,2LVP,9360.0,SF,9360.0,SQFT,6336.0,24393.6,23443.2,1VNL,Vinyl,New Commodity,Yes,Commodity Found,Supplier registered,Classified,LVP,1VNL,LVP_1VNL_SQFT,True,True,True,False,False,False,True,True,760.32
DIT,Diverzify Itasca,103423,"Shaw Industries, Inc.",682996,2712665,19-Jun-24,2404153295,CHS Rectory Carpeting,2008,Received Not Yet Invoiced,9-May-24,60143.0,96494,1,1,1.0,1000022017,Shaw Smart Thinking E9725 12' roll 00391 Lush Garden,10,10,142.0,SY,142.0,SQYD,142.0,2837.16,2837.16,10,Carpet,Old Commodity,Yes,Commodity Found,Supplier registered,Classified,Carpet Roll,1CBL,Carpet_Roll_1CBL_SQYD,True,True,True,False,False,False,True,True,148.12
DIT,Diverzify Itasca,122034,Engineered Floors LLC,723751,6-3622901,20-Jun-24,2402138862,LaGrange CC,2008,Received Not Yet Invoiced,29-May-24,60143.0,88885,1,1,1.0,1000020818,J&J Aperture II (9770) 12ft PremierBac Plus - Neutral Density (2262),10,10,844.0,SY,844.0,SQYD,843.98,28670.0,28670.0,10,Carpet,Old Commodity,Yes,Commodity Found,Supplier registered,Classified,Carpet Roll,1CBL,Carpet_Roll_1CBL_SQYD,True,True,True,False,False,False,True,True,588.02
DIT,Diverzify Itasca,121550,Mohawk Industries,636311,C2337878,21-Jun-24,221276742,Epic Sci Fi,2008,Received Not Yet Invoiced,20-Mar-24,60143.0,75576,1,1,1.0,1000016916,Mohawk Schema (BC508) 12ft Weldlok - Rdt10071 (641),1CBL,2CBL,219.0,SY,219.0,SQYD,234.66,6927.16,6927.16,1CBL,Carpet BL,New Commodity,Yes,Commodity Found,Supplier registered,Classified,Carpet Roll,1CBL,Carpet_Roll_1CBL_SQYD,True,True,True,False,False,False,True,True,303.59
DIT,Diverzify Itasca,121550,Mohawk Industries,731977,C2665159,25-Jun-24,2312127222,Blue Chip Casino Deli,2008,Received Not Yet Invoiced,31-May-24,60143.0,100317,1,1,1.0,1000017677,MOHAWK COLOR STUDY 30 (BC574) WELDLOK 12' - TRICON BLACK (999),1CBL,2CBL,18.66,SY,18.66,SQYD,18.66,254.34,254.34,1CBL,Carpet BL,New Commodity,Yes,Commodity Found,Supplier registered,Classified,Carpet Roll,1CBL,Carpet_Roll_1CBL_SQYD,True,True,True,False,False,False,True,True,19.07
DIT,Diverzify Itasca,121550,Mohawk Industries,708295,C2703937,27-Jun-24,2402136378,Hilton Ohare Ballroom and Lobby,2008,Received Not Yet Invoiced,29-Feb-24,60143.0,68663,1,1,3.0,1000014495,Mohawk Custom Definity (DY48X) QTW88774 Strike off# S0205063P 12ft Weldlok Colorway #2,10,10,348.0,SY,348.0,SQYD,145.66,5846.79,5846.79,10,Carpet,Old Commodity,Yes,Commodity Found,Supplier registered,Classified,Carpet Roll,1CBL,Carpet_Roll_1CBL_SQYD,True,True,True,False,False,False,True,True,148.75
DIT,Diverzify Itasca,121550,Mohawk Industries,708302,C2703939,27-Jun-24,2402136378,Hilton Ohare Ballroom and Lobby,2008,Received Not Yet Invoiced,29-Feb-24,60143.0,68645,1,1,1.0,1000014495,Mohawk Custom Definity (DY48X) QTW88774 Strike off# S0205063P 12ft Weldlok Colorway #2,10,10,584.0,SY,584.0,SQYD,168.0,6743.52,6743.52,10,Carpet,Old Commodity,Yes,Commodity Found,Supplier registered,Classified,Carpet Roll,1CBL,Carpet_Roll_1CBL_SQYD,True,True,True,False,False,False,True,True,171.56
DIT,Diverzify Itasca,121550,Mohawk Industries,708300,C2703941,27-Jun-24,2402136378,Hilton Ohare Ballroom and Lobby,2008,Received Not Yet Invoiced,29-Feb-24,60143.0,68645,1,1,2.0,1000014495,Mohawk Custom Definity (DY48X) QTW88774 Strike off# S0205063P 12ft Weldlok Colorway #2,10,10,584.0,SY,584.0,SQYD,422.22,16947.92,16947.91,10,Carpet,Old Commodity,Yes,Commodity Found,Supplier registered,Classified,Carpet Roll,1CBL,Carpet_Roll_1CBL_SQYD,True,True,True,False,False,False,True,True,431.17
DIT,Diverzify Itasca,121550,Mohawk Industries,708300,C2703941,27-Jun-24,2402136378,Hilton Ohare Ballroom and Lobby,5205,PROJECT PO Variance M181 & M182,29-Feb-24,60143.0,68645,1,1,2.0,1000014495,Mohawk Custom Definity (DY48X) QTW88774 Strike off# S0205063P 12ft Weldlok Colorway #2,10,10,584.0,SY,584.0,SQYD,,-0.01,,10,Carpet,Old Commodity,Yes,Commodity Found,Supplier registered,Classified,Carpet Roll,1CBL,Carpet_Roll_1CBL_SQYD,True,True,True,False,False,False,True,True,431.17
DIT,Diverzify Itasca,121550,Mohawk Industries,708298,C2703938,28-Jun-24,2402136129,Hilton Ballroom Supply,2008,Received Not Yet Invoiced,1-Mar-24,60143.0,61651,2,1,1.0,1000014663,Mohawk Custom Definity (DY48X) QTW101135 Strike off# S0206702C 15ft ABAC Weldlok Spectrafit,10,10,1017.0,SY,1017.0,SQYD,1025.0,41143.5,41143.5,10,Carpet,Old Commodity,Yes,Commodity Found,Supplier registered,Classified,Carpet Roll,1CBL,Carpet_Roll_1CBL_SQYD,True,True,True,False,False,False,True,True,1046.73
DIT,Diverzify Itasca,1590,Allied Business Solutions LLC,1008490,10012,10-Jul-24,2308111345,633 S LaSalle,2008,Received Not Yet Invoiced,2-May-24,60143.0,92209,1,1,3.0,1000016938,Cobalt Surfaces Katanga Glue Down LVT 7in x 48in 2MM - Oxford (K12-813),1VNL,2LVT,116295.57,SF,116295.57,SQFT,56529.6,52572.53,52572.53,1VNL,Vinyl,New Commodity,Yes,Commodity Found,Supplier registered,Classified,LVT,1VNL,LVT_1VNL_SQFT,True,True,True,False,False,False,True,True,1700.0
DIT,Diverzify Itasca,121550,Mohawk Industries,708303,C2703940,11-Jul-24,2402136378,Hilton Ohare Ballroom and Lobby,2008,Received Not Yet Invoiced,29-Feb-24,60143.0,68663,1,1,3.0,1000014495,Mohawk Custom Definity (DY48X) QTW88774 Strike off# S0205063P 12ft Weldlok Colorway #2,10,10,348.0,SY,348.0,SQYD,58.9,2364.25,2364.25,10,Carpet,Old Commodity,Yes,Commodity Found,Supplier registered,Classified,Carpet Roll,1CBL,Carpet_Roll_1CBL_SQYD,True,True,True,False,False,False,True,True,208.9
DIT,Diverzify Itasca,121550,Mohawk Industries,708303,C2703940,11-Jul-24,2402136378,Hilton Ohare Ballroom and Lobby,2008,Received Not Yet Invoiced,29-Feb-24,60143.0,68663,1,1,4.0,1000014495,Mohawk Custom Definity (DY48X) QTW88774 Strike off# S0205063P 12ft Weldlok Colorway #2,10,10,348.0,SY,348.0,SQYD,145.66,5846.79,5846.79,10,Carpet,Old Commodity,Yes,Commodity Found,Supplier registered,Classified,Carpet Roll,1CBL,Carpet_Roll_1CBL_SQYD,True,True,True,False,False,False,True,True,208.9
DIT,Diverzify Itasca,122034,Engineered Floors LLC,1009600,6-3715464,11-Jul-24,2406164411,"Spec suite 255, 1001 Warrenville",2008,Received Not Yet Invoiced,2-Jul-24,60143.0,114014,1,1,1.0,1000026474,"J+J Flooring Classics II (V5023) 9"" x 48"" 20mil - Notable (1000)",1VNL,2LVT,216.0,SF,216.0,SQFT,234.0,395.46,395.46,1VNL,Vinyl,New Commodity,Yes,Commodity Found,Supplier registered,Classified,LVT,1VNL,LVT_1VNL_SQFT,True,True,True,False,False,False,True,True,84.2
DIT,Diverzify Itasca,126695,Tarkett USA Inc,1016471,8201990105,16-Jul-24,2402138295,D227 Door #5 carpet,2008,Received Not Yet Invoiced,28-Mar-24,60143.0,79690,2,1,2.0,1000018002,Tarkett-Contour Modern Stone-32 mil Square Edge (SE)-12in x 24in-3 MM- Plank- Monteray  (PCMS 0633),1VNL,2LVP,9360.0,SF,9360.0,SQFT,108.0,399.6,399.6,1VNL,Vinyl,New Commodity,Yes,Commodity Found,Supplier registered,Classified,LVP,1VNL,LVP_1VNL_SQFT,True,True,True,False,False,False,True,True,12.96
DIT,Diverzify Itasca,121550,Mohawk Industries,1017041,C2994573,18-Jul-24,2405156706,Airsculpt 2nd fl - CARPET,2008,Received Not Yet Invoiced,24-Jun-24,60143.0,115427,1,1,1.0,1000005109,Mohawk Molveno Stones (C0109) 11.75in x 35.75in 6MM - Grey Matters (979),1VNL,2LVT,472.5,SF,472.5,SQFT,472.5,2130.98,2130.98,1VNL,Vinyl,New Commodity,Yes,Commodity Found,Supplier registered,Classified,LVT,1VNL,LVT_1VNL_SQFT,True,True,True,False,False,False,True,True,114.75
DIT,Diverzify Itasca,126695,Tarkett USA Inc,1021320,8201983174,18-Jul-24,2402138295,D227 Door #5 carpet,2008,Received Not Yet Invoiced,27-Jun-24,60143.0,112430,1,1,1.0,216247-008,Tarkett Event+ Stone 30 Mil Techtonic Square Edge 12in x 24in 3 MM - Slate Summit (PESL 11196 RK),1VNL,2VCT,324.0,SF,324.0,SQFT,324.0,874.8,874.8,1VNL,Vinyl,New Commodity,Yes,Commodity Found,Supplier registered,Classified,VCT,1VNL,VCT_1VNL_SQFT,True,True,True,False,False,False,True,True,105.0
DIT,Diverzify Itasca,103423,"Shaw Industries, Inc.",1026953,3218664,22-Jul-24,2406163596,"Suite 1000E, OBRT",2008,Received Not Yet Invoiced,17-Jul-24,60143.0,119019,1,1,1.0,1000017565,Shaw Flow 2.5 (4385V) 18in x 18in 2.5MM - Dense (85504),1VNL,2LVT,630.0,SF,630.0,SQFT,630.0,1354.5,1354.5,1VNL,Vinyl,New Commodity,Yes,Commodity Found,Supplier registered,Classified,LVT,1VNL,LVT_1VNL_SQFT,True,True,True,False,False,False,True,True,124.51
DIT,Diverzify Itasca,121550,Mohawk Industries,1028827,C3055664,24-Jul-24,2403142332,Hilton Ohare LL Corridor,2008,Received Not Yet Invoiced,14-Mar-24,60143.0,74012,1,1,1.0,1000014495,Mohawk Custom Definity (DY48X) QTW101136/ Strike off# S0318022C 12ft Weldlok Colorway #1/ABAC-WEDLOCK,10,10,787.0,SY,787.0,SQYD,873.67,33050.95,33050.94,10,Carpet,Old Commodity,Yes,Commodity Found,Supplier registered,Classified,Carpet Roll,1CBL,Carpet_Roll_1CBL_SQYD,True,True,True,False,False,False,True,True,904.25
DIT,Diverzify Itasca,121550,Mohawk Industries,1028827,C3055664,24-Jul-24,2403142332,Hilton Ohare LL Corridor,5205,PROJECT PO Variance M181 & M182,14-Mar-24,60143.0,74012,1,1,1.0,1000014495,Mohawk Custom Definity (DY48X) QTW101136/ Strike off# S0318022C 12ft Weldlok Colorway #1/ABAC-WEDLOCK,10,10,787.0,SY,787.0,SQYD,,-0.01,,10,Carpet,Old Commodity,Yes,Commodity Found,Supplier registered,Classified,Carpet Roll,1CBL,Carpet_Roll_1CBL_SQYD,True,True,True,False,False,False,True,True,904.25
DIT,Diverzify Itasca,121550,Mohawk Industries,1028781,C3055665,24-Jul-24,2404150135,Hilton Ohare Meeting Room and Retai,5205,PROJECT PO Variance M181 & M182,19-Apr-24,60143.0,87187,1,1,1.0,1000014495,Mohawk Custom Definity (DY48X) QTW88774 Strike off#S0206702C  12ft Weldlok Colorway #2 10% overage,10,10,574.0,SY,574.0,SQYD,,-0.01,,10,Carpet,Old Commodity,Yes,Commodity Found,Supplier registered,Classified,Carpet Roll,1CBL,Carpet_Roll_1CBL_SQYD,True,True,True,False,False,False,True,True,649.97
DIT,Diverzify Itasca,121550,Mohawk Industries,1028781,C3055665,24-Jul-24,2404150135,Hilton Ohare Meeting Room and Retai,2008,Received Not Yet Invoiced,19-Apr-24,60143.0,87187,1,1,1.0,1000014495,Mohawk Custom Definity (DY48X) QTW88774 Strike off#S0206702C  12ft Weldlok Colorway #2 10% overage,10,10,574.0,SY,574.0,SQYD,627.99,23951.55,23951.54,10,Carpet,Old Commodity,Yes,Commodity Found,Supplier registered,Classified,Carpet Roll,1CBL,Carpet_Roll_1CBL_SQYD,True,True,True,False,False,False,True,True,649.97
DIT,Diverzify Itasca,121550,Mohawk Industries,1030925,C3068917,24-Jul-24,2403142332,Hilton Ohare LL Corridor,2008,Received Not Yet Invoiced,14-Mar-24,60143.0,74005,1,1,1.0,1000014495,Mohawk Custom Definity (DY48X) QTW101138 Strike off# S0318023C 12ft Weldlok Colorway #1/ABAC-WEDLOCK,10,10,1012.0,SY,1012.0,SQYD,1075.44,40683.91,40683.9,10,Carpet,Old Commodity,Yes,Commodity Found,Supplier registered,Classified,Carpet Roll,1CBL,Carpet_Roll_1CBL_SQYD,True,True,True,False,False,False,True,True,688.28
DIT,Diverzify Itasca,121550,Mohawk Industries,1030925,C3068917,24-Jul-24,2403142332,Hilton Ohare LL Corridor,5205,PROJECT PO Variance M181 & M182,14-Mar-24,60143.0,74005,1,1,1.0,1000014495,Mohawk Custom Definity (DY48X) QTW101138 Strike off# S0318023C 12ft Weldlok Colorway #1/ABAC-WEDLOCK,10,10,1012.0,SY,1012.0,SQYD,,-0.01,,10,Carpet,Old Commodity,Yes,Commodity Found,Supplier registered,Classified,Carpet Roll,1CBL,Carpet_Roll_1CBL_SQYD,True,True,True,False,False,False,True,True,688.28
DIT,Diverzify Itasca,104804,Spartan Surfaces,1034283,677488,26-Jul-24,220770269,Chapter at Madison,2008,Received Not Yet Invoiced,11-Jul-24,60143.0,117171,1,1,1.0,1000027166,Cobalt Surfaces Katanga Glue Down LVT 7in x 48in 3.0MM - Macadamia (K320-803),1VNL,2LVP,535.0,SF,535.0,SQFT,535.0,957.65,957.65,1VNL,Vinyl,New Commodity,Yes,Commodity Found,Supplier registered,Classified,LVP,1VNL,LVP_1VNL_SQFT,True,True,True,False,False,False,True,True,279.0
DIT,Diverzify Itasca,121019,"Bentley Mills, Inc.",1002593,851003,26-Jul-24,2405157786,Blackhawks Players Lockerroom,2008,Received Not Yet Invoiced,6-Jun-24,60143.0,104640,1,1,1.0,1000024331,Bentley Farrago 12ft High Performance PC - Custom Color PDS156736-001,10,10,120.0,SY,120.0,SQYD,126.0,4100.04,4100.04,10,Carpet,Old Commodity,Yes,Commodity Found,Supplier registered,Classified,Carpet Roll,1CBL,Carpet_Roll_1CBL_SQYD,True,True,True,False,False,False,True,True,284.76
DIT,Diverzify Itasca,105110,"Bloomsburg Carpet Industries, Inc.",1045084,106080CLEAROUT,31-Jul-24,2402138862,LaGrange CC,2008,Received Not Yet Invoiced,28-Jun-24,60143.0,106080,1,2,1.0,1000019394,Bloomsburg Reveal 12ft Polyester-Jute - Dusk (V1735/5),10,10,10.0,SY,10.0,SQYD,10.0,555.3,555.3,10,Carpet,Old Commodity,Yes,Commodity Found,Supplier registered,Classified,Carpet Roll,1CBL,Carpet_Roll_1CBL_SQYD,True,True,True,False,False,False,True,True,51.22
DIT,Diverzify Itasca,103423,"Shaw Industries, Inc.",1044773,3306709,5-Aug-24,2407167582,Phil Matusz - Matl Sale,2008,Received Not Yet Invoiced,23-Jul-24,60143.0,121322,1,1,1.0,1000028026,Shaw Park Manor (ZZL15) 12' - Winterscape (00420),1CBL,2CBL,157.0,SY,157.0,SQYD,157.33,4460.31,4460.31,1CBL,Carpet BL,New Commodity,Yes,Commodity Found,Supplier registered,Classified,Carpet Roll,1CBL,Carpet_Roll_1CBL_SQYD,True,True,True,False,False,False,True,True,163.55
DIT,Diverzify Itasca,103423,"Shaw Industries, Inc.",1048817,3328901,5-Aug-24,2407169062,1000 E Warrenville tenant lounge -,2008,Received Not Yet Invoiced,31-Jul-24,60143.0,123186,1,1,1.0,1000028372,"Patcraft Earthen (1677V) 12""x24"" 5mm - Latte-V2 (00710)",1VNL,2LVT,936.0,SF,936.0,SQFT,936.0,2152.8,2152.8,1VNL,Vinyl,New Commodity,Yes,Commodity Found,Supplier registered,Classified,LVT,1VNL,LVT_1VNL_SQFT,True,True,True,False,False,False,True,True,261.47
DIT,Diverzify Itasca,100613,"Florstar Sales, Inc",1055567,236809,6-Aug-24,230897527,Rush Cancer Center Lisle DD Budget,2008,Received Not Yet Invoiced,21-Jun-24,60143.0,1009541,1,1,1.0,1000014253,"Armstrong Duo Vinyl Tile 18""x36"" - Nile Night (ST933)",1VNL,2VCT,1728.0,SF,1728.0,SQFT,1728.0,4216.32,4216.32,1VNL,Vinyl,New Commodity,Yes,Commodity Found,Supplier registered,Classified,VCT,1VNL,VCT_1VNL_SQFT,True,True,True,False,False,False,True,True,50.0
DIT,Diverzify Itasca,1590,Allied Business Solutions LLC,1058313,10026,8-Aug-24,2308111345,633 S LaSalle,2008,Received Not Yet Invoiced,2-May-24,60143.0,92209,1,1,4.0,1000016938,Cobalt Surfaces Katanga Glue Down LVT 7in x 48in 2MM - Oxford (K12-813),1VNL,2LVT,116295.57,SF,116295.57,SQFT,29754.21,27671.42,27671.42,1VNL,Vinyl,New Commodity,Yes,Commodity Found,Supplier registered,Classified,LVT,1VNL,LVT_1VNL_SQFT,True,True,True,False,False,False,True,True,1700.0
DIT,Diverzify Itasca,103423,"Shaw Industries, Inc.",1047376,3316979,19-Aug-24,221174573,Wind Creek Chicago Southland,2008,Received Not Yet Invoiced,26-Jul-24,60143.0,123235,2,1,1.0,1000028379,Shaw Stratum 700 (024UV) 7in x 48in 8MM - Hoosier Oak (00704),1VNL,2LVP,38.03,SF,38.03,SQFT,38.03,108.39,108.39,1VNL,Vinyl,New Commodity,Yes,Commodity Found,Supplier registered,Classified,LVP,1VNL,LVP_1VNL_SQFT,True,True,True,False,False,False,True,True,14.3
DIT,Diverzify Itasca,103423,"Shaw Industries, Inc.",1064286,3413702,26-Aug-24,2408170302,City of Elgin - Rope - 326 E Chicag,2008,Received Not Yet Invoiced,6-Aug-24,60143.0,126858,1,1,1.0,1000029117,Shaw Shake It Up A (E9446) 12ft Classicbac - Dolphin (00520),1CBL,2CBL,170.0,SY,170.0,SQYD,170.0,1116.9,1116.9,1CBL,Carpet BL,New Commodity,Yes,Commodity Found,Supplier registered,Classified,Carpet Roll,1CBL,Carpet_Roll_1CBL_SQYD,True,True,True,False,False,False,True,True,176.71
DIT,Diverzify Itasca,101747,Spartan Surfaces,1068314,679299,27-Aug-24,230897537,225 W Randolph,2008,Received Not Yet Invoiced,1-Aug-24,60143.0,126791,1,1,1.0,1000028851,Aspecta Contours Versaille 30.5cm x 140.78cm 8MM - Riviere (6816731X),1VNL,2LVP,2793.5,SF,2793.5,SQFT,2793.5,18492.97,18492.97,1VNL,Vinyl,New Commodity,Yes,Commodity Found,Supplier registered,Classified,LVP,1VNL,LVP_1VNL_SQFT,True,True,True,False,False,False,True,True,1021.0
DIT,Diverzify Itasca,103423,"Shaw Industries, Inc.",1071691,3456898,27-Aug-24,2311124674,NW OIP - Pharmacy Flooring Rework,2008,Received Not Yet Invoiced,9-Aug-24,60143.0,128567,2,1,1.0,1000029162,Shaw Coded (4143V) 6in x 48in 5MM - Converse (43100),1VNL,2LVP,80.0,SF,80.0,SQFT,80.0,312.8,312.8,1VNL,Vinyl,New Commodity,Yes,Commodity Found,Supplier registered,Classified,LVP,1VNL,LVP_1VNL_SQFT,True,True,True,False,False,False,True,True,84.67
DIT,Diverzify Itasca,890,All Surfaces,1071001,5819829,28-Aug-24,2407166200,Midwest Retina Suite 206,2008,Received Not Yet Invoiced,12-Aug-24,60143.0,128816,1,1,1.0,1000029439,"Interiors North America Footage Footage 3.20 7""x48"" - Ash Gray (CPR-9261)",1VNL,2LVT,251.82,SF,251.82,SQFT,251.82,400.39,400.39,1VNL,Vinyl,New Commodity,Yes,Commodity Found,Supplier registered,Classified,LVT,1VNL,LVT_1VNL_SQFT,True,True,True,False,False,False,True,True,8.01
DIT,Diverzify Itasca,103423,"Shaw Industries, Inc.",1071693,3456897,28-Aug-24,2408170303,City Of Elgin 310 Spring St,2008,Received Not Yet Invoiced,6-Aug-24,60143.0,126871,1,1,1.0,1000029116,Shaw Shake It Up A (E9446) 12ft Classicbac - Cement (00510),1CBL,2CBL,75.0,SY,75.0,SQYD,75.0,492.75,492.75,1CBL,Carpet BL,New Commodity,Yes,Commodity Found,Supplier registered,Classified,Carpet Roll,1CBL,Carpet_Roll_1CBL_SQYD,True,True,True,False,False,False,True,True,84.67
DIT,Diverzify Itasca,103423,"Shaw Industries, Inc.",1075075,3467477,28-Aug-24,2404153263,Caliber Water Damage- Oswego,2008,Received Not Yet Invoiced,8-Aug-24,60143.0,128201,1,1,1.0,1000029307,Shaw You Got This II (5E561) 12ft Softbac - Rock Crystal (00508),1CBL,2CBL,96.0,SY,96.0,SQYD,96.0,1572.48,1572.48,1CBL,Carpet BL,New Commodity,Yes,Commodity Found,Supplier registered,Classified,Carpet Roll,1CBL,Carpet_Roll_1CBL_SQYD,True,True,True,False,False,False,True,True,101.32
DIT,Diverzify Itasca,121550,Mohawk Industries,1089302,C3352302,29-Aug-24,2405156706,Airsculpt 2nd fl - CARPET,2008,Received Not Yet Invoiced,15-Aug-24,60143.0,130406,1,1,1.0,1000029823,Mohawk Molveno Stones (CO109) 11.75in x 35.75in 6MM - Night Owl (997),1VNL,2LVP,35.0,SF,35.0,SQFT,35.0,157.85,157.85,1VNL,Vinyl,New Commodity,Yes,Commodity Found,Supplier registered,Classified,LVP,1VNL,LVP_1VNL_SQFT,True,True,True,False,False,False,True,True,114.75
DIT,Diverzify Itasca,890,All Surfaces,1099496,5853609,4-Sep-24,2310119387,Round Barn Manor,2008,Received Not Yet Invoiced,23-Aug-24,60143.0,133894,1,1,1.0,1000008746,Congoleum Triversa Prime 9in x 60in 6MM - Fawn (TX181),1VNL,2LVP,134.34,SF,134.34,SQFT,113.2,315.83,315.83,1VNL,Vinyl,New Commodity,Yes,Commodity Found,Supplier registered,Classified,LVP,1VNL,LVP_1VNL_SQFT,True,True,True,False,False,False,True,True,6.32
DIT,Diverzify Itasca,102478,Mats Inc dba Matter Surfaces Inc,1102840,1000531,9-Sep-24,230279196,Shapiro Development Kanakee Stairwa,2008,Received Not Yet Invoiced,23-Aug-24,60143.0,133806,1,1,1.0,1000030547,Matter Surfaces Supernop 52 13'2'' - Brown,1CBL,2CBL,2669.04,SF,2669.04,SQFT,2669.03,13211.7,13211.7,1CBL,Carpet BL,New Commodity,Yes,Commodity Found,Supplier registered,Classified,Carpet Roll,1CBL,Carpet_Roll_1CBL_SQFT,True,True,True,False,False,False,True,True,403.28
DIT,Diverzify Itasca,104482,Mats Inc DBA Matter Surfaces,1102877,1000121,9-Sep-24,210345606,Metro 19 - ICP,2008,Received Not Yet Invoiced,13-Aug-24,60143.0,132186,1,1,1.0,1000029553,Matter Surfaces Formative Clic 7in x 48in 6.5MM - Chalk Oak,1VNL,2LVP,722.3,SF,722.3,SQFT,722.3,2708.63,2708.63,1VNL,Vinyl,New Commodity,Yes,Commodity Found,Supplier registered,Classified,LVP,1VNL,LVP_1VNL_SQFT,True,True,True,False,False,False,True,True,364.98
DIT,Diverzify Itasca,890,All Surfaces,1115748,5874298,20-Sep-24,2310119387,Round Barn Manor,2008,Received Not Yet Invoiced,23-Aug-24,60143.0,133894,1,1,2.0,1000008746,Congoleum Triversa Prime 9in x 60in 6MM - Fawn (TX181),1VNL,2LVP,134.34,SF,134.34,SQFT,22.64,63.17,63.17,1VNL,Vinyl,New Commodity,Yes,Commodity Found,Supplier registered,Classified,LVP,1VNL,LVP_1VNL_SQFT,True,True,True,False,False,False,True,True,1.26
DIT,Diverzify Itasca,103423,"Shaw Industries, Inc.",1126487,3749786,23-Sep-24,2404151959,Lodge of Northbrook,2008,Received Not Yet Invoiced,5-Sep-24,60143.0,139070,1,1,1.0,1000031472,Shaw Arcadian Tropics (HFN84) 12ft Classicbac - Chic Taupe (00124),1CBL,2CBL,325.0,SY,325.0,SQYD,325.0,2691.0,2691.0,1CBL,Carpet BL,New Commodity,Yes,Commodity Found,Supplier registered,Classified,Carpet Roll,1CBL,Carpet_Roll_1CBL_SQYD,True,True,True,False,False,False,True,True,329.66
DIT,Diverzify Itasca,890,All Surfaces,1128280,5892539,24-Sep-24,230586554,Lillibridge Healthcare - Suite 2J,2008,Received Not Yet Invoiced,30-Aug-24,60143.0,136505,1,1,1.0,1000031108,Interiors NA Footage 3.20 7in x 48in 3MM - Dark Lava (CPR-9263),1VNL,2LVP,167.88,SF,167.88,SQFT,167.88,300.51,300.51,1VNL,Vinyl,New Commodity,Yes,Commodity Found,Supplier registered,Classified,LVP,1VNL,LVP_1VNL_SQFT,True,True,True,False,False,False,True,True,5.34
DIT,Diverzify Itasca,121550,Mohawk Industries,1123701,C3520618,30-Sep-24,2403144859,The Courtyard at 40 DuPage- CARPET,2008,Received Not Yet Invoiced,30-Aug-24,60143.0,133453,1,1,1.0,1000030477,Mohawk Natural Artistry 12' - Mineral Grey (526),1CBL,2CBL,210.0,SY,210.0,SQYD,210.0,4573.8,4573.8,1CBL,Carpet BL,New Commodity,Yes,Commodity Found,Supplier registered,Classified,Carpet Roll,1CBL,Carpet_Roll_1CBL_SQYD,True,True,True,False,True,False,True,True,935.54
DIT,Diverzify Itasca,121550,Mohawk Industries,1123701,C3520618,30-Sep-24,2403144859,The Courtyard at 40 DuPage- CARPET,2008,Received Not Yet Invoiced,30-Aug-24,60143.0,133453,2,1,1.0,1000030476,Mohawk Exquisite Shades 12' - Uptown Taupe (512),1CBL,2CBL,560.0,SY,560.0,SQYD,559.99,11138.2,11138.2,1CBL,Carpet BL,New Commodity,Yes,Commodity Found,Supplier registered,Classified,Carpet Roll,1CBL,Carpet_Roll_1CBL_SQYD,True,True,True,False,True,False,True,True,935.54
DIT,Diverzify Itasca,103423,"Shaw Industries, Inc.",1159275,3898430,9-Oct-24,2406161690,Brookfield High School Band Room,2008,Received Not Yet Invoiced,30-Sep-24,60143.0,146563,1,1,1.0,1000033371,Shaw Philadelphia Revamp (54762) 12ft Synthetic - Boost (00510),1CBL,2CBL,610.0,SY,610.0,SQYD,610.0,6642.9,6642.9,1CBL,Carpet BL,New Commodity,Yes,Commodity Found,Supplier registered,Classified,Carpet Roll,1CBL,Carpet_Roll_1CBL_SQYD,True,True,True,False,False,False,True,True,618.73
DIT,Diverzify Itasca,108164,"Mannington Mills, Inc.",1168864,98896085,16-Oct-24,2405157146,"Pinnacle Fertility- Surgical Ctr, B",2008,Received Not Yet Invoiced,18-Nov-24,60143.0,149305,9,1,1.0,1000032890,Mannington The Drift Stone 12in x 24in 2.5MM - Motus Alloy (D203),1VNL,2LVT,648.0,SF,648.0,SQFT,648.0,2481.84,2481.84,1VNL,Vinyl,New Commodity,Yes,Commodity Found,Supplier registered,Classified,LVT,1VNL,LVT_1VNL_SQFT,True,True,True,False,True,False,True,True,308.54
DIT,Diverzify Itasca,108164,"Mannington Mills, Inc.",1168864,98896085,16-Oct-24,2405157146,"Pinnacle Fertility- Surgical Ctr, B",2008,Received Not Yet Invoiced,18-Nov-24,60143.0,149305,8,1,1.0,1000032865,Mannington Groove Beveled Edges 12in x 24in 2.5MM - Kettle Steam (C144),1VNL,2LVT,468.0,SF,468.0,SQFT,468.0,1399.32,1399.32,1VNL,Vinyl,New Commodity,Yes,Commodity Found,Supplier registered,Classified,LVT,1VNL,LVT_1VNL_SQFT,True,True,True,False,True,False,True,True,308.54
DIT,Diverzify Itasca,126695,Tarkett USA Inc,1166442,8201984432,16-Oct-24,2402138295,D227 Door #5 carpet,2008,Received Not Yet Invoiced,28-Mar-24,60143.0,79690,2,1,4.0,1000018002,Tarkett-Contour Modern Stone-32 mil Square Edge (SE)-12in x 24in-3 MM- Plank- Monteray  (PCMS 0633),1VNL,2LVP,9360.0,SF,9360.0,SQFT,108.0,399.6,399.6,1VNL,Vinyl,New Commodity,Yes,Commodity Found,Supplier registered,Classified,LVP,1VNL,LVP_1VNL_SQFT,True,True,True,False,False,False,True,True,349.92
DIT,Diverzify Itasca,126695,Tarkett USA Inc,1166442,8201984432,16-Oct-24,2402138295,D227 Door #5 carpet,2008,Received Not Yet Invoiced,28-Mar-24,60143.0,79690,2,1,2.0,1000018002,Tarkett-Contour Modern Stone-32 mil Square Edge (SE)-12in x 24in-3 MM- Plank- Monteray  (PCMS 0633),1VNL,2LVP,9360.0,SF,9360.0,SQFT,2808.0,10389.6,10389.6,1VNL,Vinyl,New Commodity,Yes,Commodity Found,Supplier registered,Classified,LVP,1VNL,LVP_1VNL_SQFT,True,True,True,False,False,False,True,True,349.92
DIT,Diverzify Itasca,103423,"Shaw Industries, Inc.",1178050,3962033,22-Oct-24,2404151959,Lodge of Northbrook,2008,Received Not Yet Invoiced,5-Sep-24,60143.0,139070,2,1,1.0,1000031470,Shaw Strata (5A220) 12ft Ultraloc - Alabaster (20111),1CBL,2CBL,155.0,SY,155.0,SQYD,155.0,10403.6,10403.6,1CBL,Carpet BL,New Commodity,Yes,Commodity Found,Supplier registered,Classified,Carpet Roll,1CBL,Carpet_Roll_1CBL_SQYD,True,True,True,False,False,False,True,True,157.77
DIT,Diverzify Itasca,103423,"Shaw Industries, Inc.",1198340,4130097,1-Nov-24,2410183882,Carrington Lincolnwood Public Space,2008,Received Not Yet Invoiced,24-Oct-24,60143.0,155780,1,1,1.0,1000032560,Shaw Crossing Paths 5.0 (4392V) 18in x 18in 5.0MM - Thatch (91720),1VNL,2LVT,180.0,SF,180.0,SQFT,180.0,720.0,720.0,1VNL,Vinyl,New Commodity,Yes,Commodity Found,Supplier registered,Classified,LVT,1VNL,LVT_1VNL_SQFT,True,True,True,False,False,False,True,True,49.24
DIT,Diverzify Itasca,103423,"Shaw Industries, Inc.",1200407,4152051,4-Nov-24,2410189011,Patrick Munns House,2008,Received Not Yet Invoiced,25-Oct-24,60143.0,156326,2,1,1.0,1000035115,Shaw Lora Point II (HGR99) 12ft -Soft Sense (00112),1CBL,2CBL,130.0,SY,130.0,SQYD,130.0,2281.5,2281.5,1CBL,Carpet BL,New Commodity,Yes,Commodity Found,Supplier registered,Classified,Carpet Roll,1CBL,Carpet_Roll_1CBL_SQYD,True,True,True,False,True,False,True,True,206.63
DIT,Diverzify Itasca,103423,"Shaw Industries, Inc.",1200407,4152051,4-Nov-24,2410189011,Patrick Munns House,2008,Received Not Yet Invoiced,25-Oct-24,60143.0,156326,1,1,1.0,1000035066,Shaw Chic Greige Lora Point II 12 (HGR99) 12ft - Chic Greige (00111),1CBL,2CBL,73.0,SY,73.0,SQYD,73.0,1281.15,1281.15,1CBL,Carpet BL,New Commodity,Yes,Commodity Found,Supplier registered,Classified,Carpet Roll,1CBL,Carpet_Roll_1CBL_SQYD,True,True,True,False,True,False,True,True,206.63
DIT,Diverzify Itasca,121019,"Bentley Mills, Inc.",1203114,859933,5-Nov-24,2407167301,Cardiothoracic & Vascular Surgical,2008,Received Not Yet Invoiced,4-Sep-24,60143.0,137310,2,1,1.0,1000031318,"Bentley Mills Ground Rules (BGRRUL648U) 6"" x 48"" 2.5mm - Coffee First (802012)",1VNL,2LVT,1480.0,SF,1480.0,SQFT,1480.0,2960.0,2960.0,1VNL,Vinyl,New Commodity,Yes,Commodity Found,Supplier registered,Classified,LVT,1VNL,LVT_1VNL_SQFT,True,True,True,False,False,False,True,True,443.99
DIT,Diverzify Itasca,103423,"Shaw Industries, Inc.",1206101,4193224,7-Nov-24,230587246,Chicago Athletic Association Guestr,2008,Received Not Yet Invoiced,20-Aug-24,60143.0,131994,1,1,1.0,1000030014,Shaw Custom Broadloom A5770\491406\F1615-2\36 oz Classicbac 12ft,1CBL,2CBL,9264.0,SY,9264.0,SQYD,8423.42,119781.01,119781.03,1CBL,Carpet BL,New Commodity,Yes,Commodity Found,Supplier registered,Classified,Carpet Roll,1CBL,Carpet_Roll_1CBL_SQYD,True,True,True,False,False,False,True,True,1398.0
DIT,Diverzify Itasca,103423,"Shaw Industries, Inc.",1206101,4193224,7-Nov-24,230587246,Chicago Athletic Association Guestr,5205,PROJECT PO Variance M181 & M182,20-Aug-24,60143.0,131994,1,1,1.0,1000030014,Shaw Custom Broadloom A5770\491406\F1615-2\36 oz Classicbac 12ft,1CBL,2CBL,9264.0,SY,9264.0,SQYD,,0.02,,1CBL,Carpet BL,New Commodity,Yes,Commodity Found,Supplier registered,Classified,Carpet Roll,1CBL,Carpet_Roll_1CBL_SQYD,True,True,True,False,False,False,True,True,1398.0
DIT,Diverzify Itasca,122034,Engineered Floors LLC,1206986,6 4028027,7-Nov-24,2409183097,UIC Admissions office suite reno,2008,Received Not Yet Invoiced,27-Sep-24,60143.0,154397,1,1,1.0,1000026613,"J&J Flooring Classics II (V5023) 9""x48"" 3mm - Paradigm (1008)",1VNL,2LVT,7488.0,SF,7488.0,SQFT,7488.0,14751.36,14751.36,1VNL,Vinyl,New Commodity,Yes,Commodity Found,Supplier registered,Classified,LVT,1VNL,LVT_1VNL_SQFT,True,True,True,False,False,False,True,True,812.47
DIT,Diverzify Itasca,103423,"Shaw Industries, Inc.",1192283,4130096,8-Nov-24,221174030,Lumen Fox Valley PH2,5205,PROJECT PO Variance M181 & M182,2-Aug-24,60143.0,125922,1,1,1.0,1000028427,"Shaw Custom Cpt TRYK Number F1262459 Pattern VR95197CR1 10'x42'
subject to 15% overage
VR95197 F1262459_508164 SO#G7488 Custom Canvas - Eco-36 Classicbac, 12'W
REFER TO Rug Mfg Layout #762247 Rug A",1CBL,2CBL,201.0,SY,201.0,SQYD,,-0.01,,1CBL,Carpet BL,New Commodity,Yes,Commodity Found,Supplier registered,Classified,Carpet Roll,1CBL,Carpet_Roll_1CBL_SQYD,True,True,True,False,False,False,True,True,206.27
DIT,Diverzify Itasca,103423,"Shaw Industries, Inc.",1192283,4130096,8-Nov-24,221174030,Lumen Fox Valley PH2,2008,Received Not Yet Invoiced,2-Aug-24,60143.0,125922,1,1,1.0,1000028427,"Shaw Custom Cpt TRYK Number F1262459 Pattern VR95197CR1 10'x42'
subject to 15% overage
VR95197 F1262459_508164 SO#G7488 Custom Canvas - Eco-36 Classicbac, 12'W
REFER TO Rug Mfg Layout #762247 Rug A",1CBL,2CBL,201.0,SY,201.0,SQYD,202.66,7599.76,7599.75,1CBL,Carpet BL,New Commodity,Yes,Commodity Found,Supplier registered,Classified,Carpet Roll,1CBL,Carpet_Roll_1CBL_SQYD,True,True,True,False,False,False,True,True,206.27
DIT,Diverzify Itasca,103423,"Shaw Industries, Inc.",1208463,4183501,8-Nov-24,2410189568,Jordan Z,2008,Received Not Yet Invoiced,30-Oct-24,30071.0,156977,1,1,1.0,1000035233,COREtec Originals Premium 9in x 72in 12.0MM - Virtue Oak (VV457-02904),1VNL,2LVP,2802.8,SF,2802.8,SQFT,2802.8,11183.17,11183.17,1VNL,Vinyl,New Commodity,Yes,Commodity Found,Supplier registered,Classified,LVP,1VNL,LVP_1VNL_SQFT,True,True,True,False,False,False,True,True,111.79
DIT,Diverzify Itasca,121550,Mohawk Industries,1191250,C3852292,8-Nov-24,230587247,Hollywood Casino Columbus Model Roo,2008,Received Not Yet Invoiced,3-Oct-24,60143.0,148050,1,1,1.0,1000033620,Second Home Studio (C2071) 7.46in x 47.80in 5.0MM - Fawn (848),1VNL,2LVP,683.56,SF,683.56,SQFT,683.56,1633.71,1633.71,1VNL,Vinyl,New Commodity,Yes,Commodity Found,Supplier registered,Classified,LVP,1VNL,LVP_1VNL_SQFT,True,True,True,False,False,False,True,True,114.75
DIT,Diverzify Itasca,104804,Spartan Surfaces,1196629,685589,12-Nov-24,2408177769,1440 N Lakeshore Drive Renovations,2008,Received Not Yet Invoiced,5-Nov-24,60143.0,155979,2,1,1.0,1000008690,AVA Fave 22 mil Click 5.2mm x 5.75 x 47.75 - Baltic Oak Taupe (BO002S),1VNL,2LVP,1239.36,SF,1239.36,SQFT,1238.9,3295.47,3295.47,1VNL,Vinyl,New Commodity,Yes,Commodity Found,Supplier registered,Classified,LVP,1VNL,LVP_1VNL_SQFT,True,True,True,False,False,False,True,True,500.0
DIT,Diverzify Itasca,103423,"Shaw Industries, Inc.",1217811,4172862,14-Nov-24,2407169017,Cantigny Foundation Admin Flooring,2008,Received Not Yet Invoiced,17-Oct-24,60143.0,153067,1,1,1.0,1000033613,Shaw Compilation (5A375) 12ft Ultraloc MB - Anthem (75486),1CBL,2CBL,30.0,SY,30.0,SQYD,30.0,665.1,665.1,1CBL,Carpet BL,New Commodity,Yes,Commodity Found,Supplier registered,Classified,Carpet Roll,1CBL,Carpet_Roll_1CBL_SQYD,True,True,True,False,False,False,True,True,83.49
DIT,Diverzify Itasca,121019,"Bentley Mills, Inc.",1212948,867489,15-Nov-24,2406159341,Abbott AP52-2 Breakroom R-0030780,2008,Received Not Yet Invoiced,8-Nov-24,60143.0,161333,1,1,1.0,209316-003,Bentley Mood (BMOOD) 20 mil Free Lay 9in x 48in 5.0mm - OPEN (801992),1VNL,2LVP,168.0,SF,168.0,SQFT,168.0,588.0,588.0,1VNL,Vinyl,New Commodity,Yes,Commodity Found,Supplier registered,Classified,LVP,1VNL,LVP_1VNL_SQFT,True,True,True,False,False,False,True,True,150.0
DIT,Diverzify Itasca,103423,"Shaw Industries, Inc.",1215797,4256735,19-Nov-24,2403144859,The Courtyard at 40 DuPage- CARPET,2008,Received Not Yet Invoiced,8-Aug-24,60143.0,127473,1,1,1.0,1000029249,"Patcraft Earthen (1677V) 12 x 24"" 2.5mm - Ash (00550)",1VNL,2LVT,2940.0,SF,2940.0,SQFT,2940.0,3675.0,3675.0,1VNL,Vinyl,New Commodity,Yes,Commodity Found,Supplier registered,Classified,LVT,1VNL,LVT_1VNL_SQFT,True,True,True,False,False,False,True,True,329.8
DIT,Diverzify Itasca,122034,Engineered Floors LLC,1227386,6-4081094,20-Nov-24,2409183097,UIC Admissions office suite reno,2008,Received Not Yet Invoiced,11-Nov-24,60143.0,161596,1,1,1.0,1000026613,"J&J Flooring Classics II (V5023) 9""x48"" 3mm - Paradigm (1008)",1VNL,2LVT,585.0,SF,585.0,SQFT,585.0,1152.45,1152.45,1VNL,Vinyl,New Commodity,Yes,Commodity Found,Supplier registered,Classified,LVT,1VNL,LVT_1VNL_SQFT,True,True,True,False,False,False,True,True,84.1
DIT,Diverzify Itasca,890,All Surfaces,1234751,6022748,25-Nov-24,2409181296,JUF 6th fl restrooms & storage,2008,Received Not Yet Invoiced,8-Nov-24,60143.0,158691,1,1,1.0,1000034829,Casabella Novocore Premium 7in x 49in x 1/4in - Belspring (CWMD40),1VNL,2LVP,263.23,SF,263.23,SQFT,279.86,808.8,808.8,1VNL,Vinyl,New Commodity,Yes,Commodity Found,Supplier registered,Classified,LVP,1VNL,LVP_1VNL_SQFT,True,True,True,False,False,False,True,True,16.18
DIT,Diverzify Itasca,103423,"Shaw Industries, Inc.",1219220,4277881,25-Nov-24,230177791,Navy Pier Festival Hall,2008,Received Not Yet Invoiced,11-Nov-24,60143.0,161688,1,1,1.0,193347-005,Shaw Contract-Escape (5A242)-Ultraloc-12'-Vast (15505),1CBL,2CBL,175.0,SY,175.0,SQYD,175.0,4688.25,4688.25,1CBL,Carpet BL,New Commodity,Yes,Commodity Found,Supplier registered,Classified,Carpet Roll,1CBL,Carpet_Roll_1CBL_SQYD,True,True,True,False,False,False,True,True,176.88
DIT,Diverzify Itasca,121019,"Bentley Mills, Inc.",1224172,868301,25-Nov-24,2410187494,Blackhawks Locker Room and Trophy C,2008,Received Not Yet Invoiced,22-Oct-24,60143.0,154386,1,1,1.0,1000024331,Bentley Farrago 12ft High Performance PC - Custom Color PDS156736-001,10,10,100.0,SY,100.0,SQYD,105.0,3416.7,3416.7,10,Carpet,Old Commodity,Yes,Commodity Found,Supplier registered,Classified,Carpet Roll,1CBL,Carpet_Roll_1CBL_SQYD,True,True,True,False,False,False,True,True,237.3
DIT,Diverzify Itasca,101218,PANIAGUA GROUP INC,1302056,30104,9-Jan-25,2403142417,RUMC Harlem MOB - TI,2008,Received Not Yet Invoiced,29-Nov-24,60143.0,167082,3,1,1.0,1000014253,"Armstrong Duo Vinyl Tile 18""x36"" - Nile Night (ST933)",1VNL,2VCT,13932.0,SF,13932.0,SQFT,13446.0,35900.82,35900.82,1VNL,Vinyl,New Commodity,Yes,Commodity Found,Supplier registered,Classified,VCT,1VNL,VCT_1VNL_SQFT,True,True,True,False,False,False,True,True,3176.74
DIT,Diverzify Itasca,100613,"Florstar Sales, Inc",1306717,262479,13-Jan-25,2406162434,Valley View Dental,2008,Received Not Yet Invoiced,8-Aug-24,60143.0,127979,1,1,1.0,1000001607,Tarkett iD Latitude Wood 20 mil Techtonic Plank 6in x 48in 3 MM - Nordic  (7533),1VNL,2LVT,3744.0,SF,3744.0,SQFT,-720.0,-1548.0,-1548.0,1VNL,Vinyl,New Commodity,Yes,Commodity Found,Supplier registered,Classified,LVT,1VNL,LVT_1VNL_SQFT,True,True,True,False,False,False,True,True,387.0
DIT,Diverzify Itasca,101703,SIENA LLC,1301036,1-0023989,14-Jan-25,2412201430,Renaissance Schaumburg Guestrooms T,2008,Received Not Yet Invoiced,30-Dec-24,60143.0,177154,1,1,2.0,214769-003,"Siena, LLC-Barcelona SPC-12 MIl Micro Bevel Plank-7in x 48in-4.8mm-CASTILE (SPC7007)",1VNL,2LVT,1266.7,SF,1266.7,SQFT,1266.7,4370.12,4370.12,1VNL,Vinyl,New Commodity,Yes,Commodity Found,Supplier registered,Classified,LVT,1VNL,LVT_1VNL_SQFT,True,True,True,False,False,False,True,True,294.0
DIT,Diverzify Itasca,101101,"Mohawk Commercial, Inc",1311926,C4299209,15-Jan-25,2407170053,Hyatt Centric Loop Corridor Renovat,2008,Received Not Yet Invoiced,13-Aug-24,60143.0,129352,3,1,1.0,1000029532,Durkan Custom Item 169653-C Pattern QT101939 Strike off S00530040C Style Dy42x Definity 42 Cut/Loop with Abac Weldlok backing  15 W,1CBL,2CBL,103.0,SY,103.0,SQYD,113.33,4030.01,4030.01,1CBL,Carpet BL,New Commodity,Yes,Commodity Found,Supplier registered,Classified,Carpet Roll,1CBL,Carpet_Roll_1CBL_SQYD,True,True,True,False,True,False,True,True,1663.09
DIT,Diverzify Itasca,101101,"Mohawk Commercial, Inc",1311926,C4299209,15-Jan-25,2407170053,Hyatt Centric Loop Corridor Renovat,2008,Received Not Yet Invoiced,13-Aug-24,60143.0,129352,2,1,1.0,1000029525,Durkan Custom 169653-B Pattern (QT101937) Strike Off Dy42X (S0717024C) Definity 42 Cut/Loop with Abac Weldlok Backing  15 W,1CBL,2CBL,1113.0,SY,1113.0,SQYD,1168.75,41560.75,41560.75,1CBL,Carpet BL,New Commodity,Yes,Commodity Found,Supplier registered,Classified,Carpet Roll,1CBL,Carpet_Roll_1CBL_SQYD,True,True,True,False,True,False,True,True,1663.09
DIT,Diverzify Itasca,101101,"Mohawk Commercial, Inc",1311926,C4299209,15-Jan-25,2407170053,Hyatt Centric Loop Corridor Renovat,5205,PROJECT PO Variance M181 & M182,13-Aug-24,60143.0,129352,1,1,1.0,1000029530,Durkan Custom Item 169653-A Pattern QT101938 Strike off S0717025C Style Dy42x Definity 42 Cut/Loop with Abac Weldlok backing  7ft 6in W,1CBL,2CBL,2060.0,SY,2060.0,SQYD,,0.02,,1CBL,Carpet BL,New Commodity,Yes,Commodity Found,Supplier registered,Classified,Carpet Roll,1CBL,Carpet_Roll_1CBL_SQYD,True,True,True,False,True,False,True,True,1663.09
DIT,Diverzify Itasca,101101,"Mohawk Commercial, Inc",1311926,C4299209,15-Jan-25,2407170053,Hyatt Centric Loop Corridor Renovat,2008,Received Not Yet Invoiced,13-Aug-24,60143.0,129352,1,1,1.0,1000029530,Durkan Custom Item 169653-A Pattern QT101938 Strike off S0717025C Style Dy42x Definity 42 Cut/Loop with Abac Weldlok backing  7ft 6in W,1CBL,2CBL,2060.0,SY,2060.0,SQYD,2163.04,76917.68,76917.7,1CBL,Carpet BL,New Commodity,Yes,Commodity Found,Supplier registered,Classified,Carpet Roll,1CBL,Carpet_Roll_1CBL_SQYD,True,True,True,False,True,False,True,True,1663.09
DIT,Diverzify Itasca,104804,Spartan Surfaces,1305781,690420,21-Jan-25,210345606,Metro 19 - ICP,2008,Received Not Yet Invoiced,30-Dec-24,60143.0,177053,1,1,1.0,1000020092,Cobalt Surfaces - Katanga K12 - 2mm 12 mil	7x48 2mm 801 Myrtle LVT,1VNL,2LVT,7040.43,SF,7040.43,SQFT,7040.43,4998.71,4998.71,1VNL,Vinyl,New Commodity,Yes,Commodity Found,Supplier registered,Classified,LVT,1VNL,LVT_1VNL_SQFT,True,True,True,False,False,False,True,True,628.0
DIT,Diverzify Itasca,126695,Tarkett USA Inc,1301675,8202060725,21-Jan-25,2403142417,RUMC Harlem MOB - TI,2008,Received Not Yet Invoiced,3-Jan-25,60143.0,177420,1,1,1.0,1000019157,Tarkett Event + Wood 6 x 48 30 Mil 11208 Genuine Oak LVT,1VNL,2LVT,576.0,SF,576.0,SQFT,576.0,1998.72,1998.72,1VNL,Vinyl,New Commodity,Yes,Commodity Found,Supplier registered,Classified,LVT,1VNL,LVT_1VNL_SQFT,True,True,True,False,False,False,True,True,105.0
DIT,Diverzify Itasca,103423,"Shaw Industries, Inc.",1649780,4716887,24-Jan-25,2412198202,BAM Theatre CPT + RES,2008,Received Not Yet Invoiced,9-Jan-25,60143.0,180211,1,1,1.0,204197-012,Shaw Patcraft Anew (I542V) 20 mil Lvt glue down 7.75in x 48in 2.5 MM - Galena (00540),1VNL,2LVT,921.06,SF,921.06,SQFT,921.06,1197.38,1197.38,1VNL,Vinyl,New Commodity,Yes,Commodity Found,Supplier registered,Classified,LVT,1VNL,LVT_1VNL_SQFT,True,True,True,False,False,False,True,True,154.44
DIT,Diverzify Itasca,103423,"Shaw Industries, Inc.",1651282,4797707,30-Jan-25,2410183882,Carrington Lincolnwood Public Space,2008,Received Not Yet Invoiced,21-Jan-25,60143.0,184059,1,1,1.0,1000032560,Shaw Crossing Paths 5.0 (4392V) 18in x 18in 5.0MM - Thatch (91720),1VNL,2LVT,22.5,SF,22.5,SQFT,22.5,90.0,90.0,1VNL,Vinyl,New Commodity,Yes,Commodity Found,Supplier registered,Classified,LVT,1VNL,LVT_1VNL_SQFT,True,True,True,False,False,False,True,True,6.24
DIT,Diverzify Itasca,103423,"Shaw Industries, Inc.",1667545,4678998,3-Feb-25,2310118921,Medinah CC Oasis Restaurant,2008,Received Not Yet Invoiced,25-Sep-24,60143.0,145959,1,1,1.0,1000032377,"Shaw Custom Carpet - Style YF26873 - sample # F7094-0 SYP tip sheared - A:5488D, B:N021, C:5488D",1CBL,2CBL,375.0,SY,375.0,SQYD,430.56,24636.64,24636.64,1CBL,Carpet BL,New Commodity,Yes,Commodity Found,Supplier registered,Classified,Carpet Roll,1CBL,Carpet_Roll_1CBL_SQYD,True,True,True,False,False,False,True,True,437.1
DIT,Diverzify Itasca,103423,"Shaw Industries, Inc.",1662194,4837215,4-Feb-25,2501203190,The Gwen Room and Corridor Repairs,2008,Received Not Yet Invoiced,23-Jan-25,60143.0,185053,1,1,1.0,1000040488,Shaw Lavish Living (CC80B) Lifeguard Blue 12lf - Minimal (00514),1CBL,2CBL,250.0,SY,250.0,SQYD,250.0,9202.5,9202.5,1CBL,Carpet BL,New Commodity,Yes,Commodity Found,Supplier registered,Classified,Carpet Roll,1CBL,Carpet_Roll_1CBL_SQYD,True,True,True,False,False,False,True,True,256.5
DIT,Diverzify Itasca,101101,"Mohawk Commercial, Inc",1677480,9500371432,11-Feb-25,2407167234,Spirit Airlines ORD GL Gate Swap Pr,2008,Received Not Yet Invoiced,3-Feb-25,60143.0,188418,2,1,1.0,1000041029,Mohawk Bolder 5.0 (C2108) 18in x 36in 5.0MM - Obsidian (969),1VNL,2LVT,2835.0,SF,2835.0,SQFT,2835.0,7938.0,7938.0,1VNL,Vinyl,New Commodity,Yes,Commodity Found,Supplier registered,Classified,LVT,1VNL,LVT_1VNL_SQFT,True,True,True,False,False,False,True,True,1617.5
DIT,Diverzify Itasca,104804,Spartan Surfaces,1671356,692575,12-Feb-25,210345606,Metro 19 - ICP,2008,Received Not Yet Invoiced,14-Jan-25,60143.0,181477,1,1,1.0,1000020092,Cobalt Surfaces - Katanga K12 - 2mm 12 mil	7x48 2mm 801 Myrtle LVT,1VNL,2LVT,5652.9,SF,5652.9,SQFT,5652.9,4013.56,4013.56,1VNL,Vinyl,New Commodity,Yes,Commodity Found,Supplier registered,Classified,LVT,1VNL,LVT_1VNL_SQFT,True,True,True,False,False,False,True,True,614.0
DIT,Diverzify Itasca,103423,"Shaw Industries, Inc.",1680564,4940904,18-Feb-25,210345606,Metro 19 - ICP,2008,Received Not Yet Invoiced,4-Feb-25,60143.0,188921,1,1,1.0,1000029542,Shaw Sophisticated (PS792) 12ft Classicbac - Mineral (00532),1CBL,2CBL,100.0,SY,100.0,SQYD,100.0,873.0,873.0,1CBL,Carpet BL,New Commodity,Yes,Commodity Found,Supplier registered,Classified,Carpet Roll,1CBL,Carpet_Roll_1CBL_SQYD,True,True,True,False,False,False,True,True,102.6
DIT,Diverzify Itasca,104804,Spartan Surfaces,1682339,693239,18-Feb-25,2410187156,Fox Valley Phase 1,2008,Received Not Yet Invoiced,6-Feb-25,60143.0,189834,2,1,1.0,204154-014,Cobalt Surfaces Katanga (K12-xxx) 12 Mil Square Edge Glue Down Plank 7in x 48in 2.0 MM - BISON (810),1VNL,2LVP,2004.21,SF,2004.21,SQFT,2004.21,1803.79,1803.79,1VNL,Vinyl,New Commodity,Yes,Commodity Found,Supplier registered,Classified,LVP,1VNL,LVP_1VNL_SQFT,True,True,True,False,True,False,True,True,457.0
DIT,Diverzify Itasca,104804,Spartan Surfaces,1682339,693239,18-Feb-25,2410187156,Fox Valley Phase 1,2008,Received Not Yet Invoiced,6-Feb-25,60143.0,189834,1,1,1.0,1000020092,Cobalt Surfaces - Katanga K12 - 2mm 12 mil	7x48 2mm 801 Myrtle LVT,1VNL,2LVT,2004.21,SF,2004.21,SQFT,2004.21,1803.79,1803.79,1VNL,Vinyl,New Commodity,Yes,Commodity Found,Supplier registered,Classified,LVT,1VNL,LVT_1VNL_SQFT,True,True,True,False,True,False,True,True,457.0
DIT,Diverzify Itasca,104804,Spartan Surfaces,1677738,693025,19-Feb-25,2410187156,Fox Valley Phase 1,2008,Received Not Yet Invoiced,4-Feb-25,60143.0,188698,1,1,1.0,204154-014,Cobalt Surfaces Katanga (K12-xxx) 12 Mil Square Edge Glue Down Plank 7in x 48in 2.0 MM - BISON (810),1VNL,2LVP,1079.19,SF,1079.19,SQFT,1079.19,971.27,971.27,1VNL,Vinyl,New Commodity,Yes,Commodity Found,Supplier registered,Classified,LVP,1VNL,LVP_1VNL_SQFT,True,True,True,False,True,False,True,True,350.0
DIT,Diverzify Itasca,104804,Spartan Surfaces,1677738,693025,19-Feb-25,2410187156,Fox Valley Phase 1,2008,Received Not Yet Invoiced,20-Dec-24,60143.0,188698,2,1,1.0,1000020092,Cobalt Surfaces - Katanga K12 - 2mm 12 mil	7x48 2mm 801 Myrtle LVT,1VNL,2LVT,1079.19,SF,1079.19,SQFT,1079.19,971.27,971.27,1VNL,Vinyl,New Commodity,Yes,Commodity Found,Supplier registered,Classified,LVT,1VNL,LVT_1VNL_SQFT,True,True,True,False,True,False,True,True,350.0
DIT,Diverzify Itasca,104804,Spartan Surfaces,1695334,693847,25-Feb-25,2410187156,Fox Valley Phase 1,2008,Received Not Yet Invoiced,14-Feb-25,60143.0,193047,1,1,1.0,1000041798,AVA 2STYL 6in x 48in 2.0MM - European Walnut Chocolate (EW2001),1VNL,2LVP,400.0,SF,400.0,SQFT,400.0,656.0,656.0,1VNL,Vinyl,New Commodity,Yes,Commodity Found,Supplier registered,Classified,LVP,1VNL,LVP_1VNL_SQFT,True,True,True,False,False,False,True,True,207.0
DIT,Diverzify Itasca,103423,"Shaw Industries, Inc.",1703672,5066873,27-Feb-25,2407169017,Cantigny Foundation Admin Flooring,2008,Received Not Yet Invoiced,19-Feb-25,60143.0,194098,1,1,1.0,1000033613,Shaw Compilation (5A375) 12ft Ultraloc MB - Anthem (75486),1CBL,2CBL,12.0,SY,12.0,SQYD,12.0,266.04,266.04,1CBL,Carpet BL,New Commodity,Yes,Commodity Found,Supplier registered,Classified,Carpet Roll,1CBL,Carpet_Roll_1CBL_SQYD,True,True,True,False,False,False,True,True,84.37
DIT,Diverzify Itasca,104804,Spartan Surfaces,1706591,694415,28-Feb-25,2403144107,One Chicago 5th Floor Hotel Build O,2008,Received Not Yet Invoiced,18-Nov-24,60143.0,164124,1,1,1.0,1000036659,Kaindl STRONGside Revive 7.6in x 54.45in 7.0MM - Intercoastal Oak (K2143),1VNL,2LVP,5027.75,SF,5027.75,SQFT,5027.75,9502.45,9502.45,1VNL,Vinyl,New Commodity,Yes,Commodity Found,Supplier registered,Classified,LVP,1VNL,LVP_1VNL_SQFT,True,True,True,False,False,False,True,True,692.85
DIT,Diverzify Itasca,101218,PANIAGUA GROUP INC,1715441,278805,6-Mar-25,2403142417,RUMC Harlem MOB - TI,2008,Received Not Yet Invoiced,29-Nov-24,60143.0,167082,3,1,2.0,1000014253,"Armstrong Duo Vinyl Tile 18""x36"" - Nile Night (ST933)",1VNL,2VCT,13932.0,SF,13932.0,SQFT,486.0,1297.62,1297.62,1VNL,Vinyl,New Commodity,Yes,Commodity Found,Supplier registered,Classified,VCT,1VNL,VCT_1VNL_SQFT,True,True,True,False,False,False,True,True,171.07
DIT,Diverzify Itasca,103423,"Shaw Industries, Inc.",1717838,5131601,10-Mar-25,2412196731,"Guitar Center West De Monies, IA",2008,Received Not Yet Invoiced,17-Feb-25,30326.0,193308,1,1,1.0,1000041782,"PATCRAFT/VERTICAL ENDEAVOUR/FLINT I0564/4'6""",1CBL,1CBL,35.75,SY,35.75,SQYD,35.75,691.76,691.76,1CBL,Carpet BL,New Commodity,Yes,Commodity Found,Supplier registered,Classified,Carpet Roll,1CBL,Carpet_Roll_1CBL_SQYD,True,True,True,False,False,False,True,True,84.67
DIT,Diverzify Itasca,103423,"Shaw Industries, Inc.",1735810,5231587,17-Mar-25,210345606,Metro 19 - ICP,2008,Received Not Yet Invoiced,10-Mar-25,60143.0,200697,1,1,1.0,1000029542,Shaw Sophisticated (PS792) 12ft Classicbac - Mineral (00532),1CBL,2CBL,70.0,SY,70.0,SQYD,70.0,611.1,611.1,1CBL,Carpet BL,New Commodity,Yes,Commodity Found,Supplier registered,Classified,Carpet Roll,1CBL,Carpet_Roll_1CBL_SQYD,True,True,True,False,False,False,True,True,83.49
DIT,Diverzify Itasca,121019,"Bentley Mills, Inc.",1743636,880916,20-Mar-25,2501207988,MAT Holdings rebuild,2008,Received Not Yet Invoiced,7-Mar-25,60143.0,200128,1,1,1.0,212757-005,Bentley Moment (BMMNT) 20 mil glue down plank 9in x 48in 2.5 MM - ASYMMETRIC (801989),1VNL,2LVP,3456.0,SF,3456.0,SQFT,3456.0,7776.0,7776.0,1VNL,Vinyl,New Commodity,Yes,Commodity Found,Supplier registered,Classified,LVP,1VNL,LVP_1VNL_SQFT,True,True,True,False,False,False,True,True,1036.8
DIT,Diverzify Itasca,101747,Spartan Surfaces,1745269,696137,21-Mar-25,2412201535,LORE Schaumburg - RESILIENT,2008,Received Not Yet Invoiced,25-Mar-25,60143.0,202500,1,1,1.0,1000043389,Urbba Pier Plank 6.5in x random lengths 6.3MM Click w/ Attached Pad - Nautilus,1VNL,2LVP,2779.52,SF,2779.52,SQFT,2779.52,16816.1,16816.1,1VNL,Vinyl,New Commodity,Yes,Commodity Found,Supplier registered,Classified,LVP,1VNL,LVP_1VNL_SQFT,True,True,True,False,False,False,True,True,1142.0
DIT,Diverzify Itasca,105099,Lexmark Carpet Mills dba Tarkett Hospitality,1743696,1-3587216,21-Mar-25,2410189344,Epic Sci Fi Warranty work Portals.,2008,Received Not Yet Invoiced,25-Oct-24,60143.0,156339,1,1,1.0,1000006065,Tarkett Custom 23129-29-1 (INJ1545) DDI 36oz 13ft 6in,1CBL,2CBL,52.75,SY,52.75,SQYD,52.75,4225.8,4225.8,1CBL,Carpet BL,New Commodity,Yes,Commodity Found,Supplier registered,Classified,Carpet Roll,1CBL,Carpet_Roll_1CBL_SQYD,True,True,True,False,False,False,True,True,81.29
